subject,snippet,from_domain,label
Application received — Salesforce,"We are continuing to review applications for the Data Analyst position. If selected, a member of our recruiting team will contact you.",lever.co,NOT_REJECTED
Oracle Recruiting — Next steps,Your application is under consideration. We appreciate your patience as we complete our review process.,notifications.lever.co,NOT_REJECTED
Nvidia Recruiting — Next steps,Thank you for your interest in joining Nvidia. We are in the process of reviewing candidate profiles and will reach out with updates.,jobs.company.com,NOT_REJECTED
DoorDash — Application under review (Security Engineer),"We are continuing to review applications for the Security Engineer position. If selected, a member of our recruiting team will contact you.",jobs.company.com,NOT_REJECTED
Twilio Careers — Backend Engineer,Your application is under consideration. We appreciate your patience as we complete our review process.,icims.com,NOT_REJECTED
Shopify — Interview scheduling request,"We are continuing to review applications for the Frontend Engineer position. If selected, a member of our recruiting team will contact you.",noreply.workday.com,NOT_REJECTED
Shopify — Assessment instructions,This message confirms receipt of your application for the Applied Scientist role at Shopify. We will follow up once the review process is complete.,taleo.net,NOT_REJECTED
Okta — Interview scheduling request,Thank you for applying to Okta. We are reviewing submissions and will provide updates as the process progresses.,noreply.workday.com,NOT_REJECTED
Application received — Uber,"We are continuing to review applications for the Solutions Engineer position. If selected, a member of our recruiting team will contact you.",smartrecruiters.com,NOT_REJECTED
Figma — Application under review (Data Scientist),Thank you for your interest in joining Figma. We are in the process of reviewing candidate profiles and will reach out with updates.,careers.company.com,NOT_REJECTED
ServiceNow — Application under review (Applied Scientist),This message confirms receipt of your application for the Applied Scientist role at ServiceNow. We will follow up once the review process is complete.,jobs.company.com,NOT_REJECTED
Palantir — Application under review (DevOps Engineer),Thank you for applying to Palantir. We are reviewing submissions and will provide updates as the process progresses.,lever.co,NOT_REJECTED
Update on your application at ServiceNow,Your application for Backend Engineer at ServiceNow is currently being evaluated. No action is required from you at this time.,taleo.net,NOT_REJECTED
Microsoft — Thank you for applying,We are in the process of coordinating interviews for this role. You will be contacted if your profile is shortlisted.,icims.com,NOT_REJECTED
Netflix — Thank you for applying,We appreciate your interest in opportunities at Netflix. Our team is reviewing applications and will contact you regarding next steps.,greenhouse.io,NOT_REJECTED
Application received — Airbnb,This message confirms receipt of your application for the ML Engineer role at Airbnb. We will follow up once the review process is complete.,taleo.net,NOT_REJECTED
Google — Interview scheduling request,"We are continuing to review applications for the Software Engineer position. If selected, a member of our recruiting team will contact you.",recruiting.company.com,NOT_REJECTED
Your application with DoorDash,This is an update regarding your application at DoorDash. The hiring team is still reviewing candidates.,successfactors.com,NOT_REJECTED
Your application with Adobe,This message confirms receipt of your application for the Site Reliability Engineer role at Adobe. We will follow up once the review process is complete.,successfactors.com,NOT_REJECTED
Figma — Thank you for applying,Thank you for applying for the Data Scientist position at Figma. Your application has been received and is currently under review by our hiring team.,smartrecruiters.com,NOT_REJECTED
Figma Careers — QA Engineer,Thank you for applying to Figma. We are reviewing submissions and will provide updates as the process progresses.,notifications.lever.co,NOT_REJECTED
Update on your application at Stripe,We appreciate your interest in opportunities at Stripe. Our team is reviewing applications and will contact you regarding next steps.,myworkday.com,NOT_REJECTED
Netflix — Assessment instructions,This message confirms receipt of your application for the Data Scientist role at Netflix. We will follow up once the review process is complete.,taleo.net,NOT_REJECTED
Coinbase Recruiting — Next steps,Thank you for your interest in joining Coinbase. We are in the process of reviewing candidate profiles and will reach out with updates.,noreply.workday.com,NOT_REJECTED
Update on your application at VMware,Thank you for applying to VMware. We are reviewing submissions and will provide updates as the process progresses.,myworkday.com,NOT_REJECTED
ServiceNow: Interview process update,Thank you for applying for the Site Reliability Engineer position at ServiceNow. Your application has been received and is currently under review by our hiring team.,recruiting.company.com,NOT_REJECTED
Tesla Careers — Data Analyst,This message confirms receipt of your application for the Data Analyst role at Tesla. We will follow up once the review process is complete.,workday.com,NOT_REJECTED
Stripe Careers — Applied Scientist,Your application for Applied Scientist at Stripe is currently being evaluated. No action is required from you at this time.,jobs.company.com,NOT_REJECTED
Update on your application at Coinbase,Thank you for applying to Coinbase. We are reviewing submissions and will provide updates as the process progresses.,jobs.company.com,NOT_REJECTED
Cisco Careers — Data Scientist,Thank you for your interest in joining Cisco. We are in the process of reviewing candidate profiles and will reach out with updates.,recruiting.company.com,NOT_REJECTED
Tesla — Application under review (Site Reliability Engineer),Your application for Site Reliability Engineer at Tesla is currently being evaluated. No action is required from you at this time.,lever.co,NOT_REJECTED
Application received — Coinbase,This is an update regarding your application at Coinbase. The hiring team is still reviewing candidates.,lever.co,NOT_REJECTED
Microsoft Recruiting — Next steps,Thank you for applying for the Solutions Engineer position at Microsoft. Your application has been received and is currently under review by our hiring team.,noreply.workday.com,NOT_REJECTED
Update on your application at Oracle,Thank you for your interest in joining Oracle. We are in the process of reviewing candidate profiles and will reach out with updates.,jobs.company.com,NOT_REJECTED
Palantir — Application under review (Product Manager),We appreciate your interest in opportunities at Palantir. Our team is reviewing applications and will contact you regarding next steps.,successfactors.com,NOT_REJECTED
Update on your application at ServiceNow,Your application is under consideration. We appreciate your patience as we complete our review process.,lever.co,NOT_REJECTED
Snowflake Recruiting — Next steps,We appreciate your interest in opportunities at Snowflake. Our team is reviewing applications and will contact you regarding next steps.,smartrecruiters.com,NOT_REJECTED
Databricks — Assessment instructions,Your application is under consideration. We appreciate your patience as we complete our review process.,myworkday.com,NOT_REJECTED
Airbnb Recruiting — Next steps,Thank you for applying for the QA Engineer position at Airbnb. Your application has been received and is currently under review by our hiring team.,greenhouse.io,NOT_REJECTED
Zoom — Interview scheduling request,Your application for QA Engineer at Zoom is currently being evaluated. No action is required from you at this time.,careers.company.com,NOT_REJECTED
Nvidia — Application under review (Solutions Engineer),Your application for Solutions Engineer at Nvidia is currently being evaluated. No action is required from you at this time.,icims.com,NOT_REJECTED
Update on your application at Okta,We appreciate your interest in opportunities at Okta. Our team is reviewing applications and will contact you regarding next steps.,noreply.workday.com,NOT_REJECTED
Atlassian Recruiting — Next steps,This is an update regarding your application at Atlassian. The hiring team is still reviewing candidates.,lever.co,NOT_REJECTED
Stripe: Interview process update,This message confirms receipt of your application for the Solutions Engineer role at Stripe. We will follow up once the review process is complete.,noreply.workday.com,NOT_REJECTED
Update on your application at Notion,We are in the process of coordinating interviews for this role. You will be contacted if your profile is shortlisted.,successfactors.com,NOT_REJECTED
Meta Recruiting — Next steps,This message confirms receipt of your application for the Site Reliability Engineer role at Meta. We will follow up once the review process is complete.,taleo.net,NOT_REJECTED
Okta — Application under review (Data Analyst),Your application for Data Analyst at Okta is currently being evaluated. No action is required from you at this time.,smartrecruiters.com,NOT_REJECTED
Update on your application at DoorDash,Your application for Product Manager at DoorDash is currently being evaluated. No action is required from you at this time.,lever.co,NOT_REJECTED
Okta Recruiting — Next steps,Your application is under consideration. We appreciate your patience as we complete our review process.,greenhouse.io,NOT_REJECTED
Application received — DoorDash,Your application for Data Analyst at DoorDash is currently being evaluated. No action is required from you at this time.,notifications.lever.co,NOT_REJECTED
Cisco — Thank you for applying,Thank you for applying to Cisco. We are reviewing submissions and will provide updates as the process progresses.,workday.com,NOT_REJECTED
Tesla Careers — Data Scientist,Thank you for applying for the Data Scientist position at Tesla. Your application has been received and is currently under review by our hiring team.,lever.co,NOT_REJECTED
VMware Careers — Frontend Engineer,Thank you for your interest in joining VMware. We are in the process of reviewing candidate profiles and will reach out with updates.,jobs.company.com,NOT_REJECTED
ServiceNow Careers — Security Engineer,This message confirms receipt of your application for the Security Engineer role at ServiceNow. We will follow up once the review process is complete.,taleo.net,NOT_REJECTED
Application received — Databricks,Thank you for applying for the Frontend Engineer position at Databricks. Your application has been received and is currently under review by our hiring team.,recruiting.company.com,NOT_REJECTED
Microsoft: Interview process update,We are in the process of coordinating interviews for this role. You will be contacted if your profile is shortlisted.,workday.com,NOT_REJECTED
Salesforce Recruiting — Next steps,Thank you for your interest in joining Salesforce. We are in the process of reviewing candidate profiles and will reach out with updates.,notifications.lever.co,NOT_REJECTED
Your application with Notion,"We are continuing to review applications for the Frontend Engineer position. If selected, a member of our recruiting team will contact you.",recruiting.company.com,NOT_REJECTED
Tesla Recruiting — Next steps,Thank you for your interest in joining Tesla. We are in the process of reviewing candidate profiles and will reach out with updates.,recruiting.company.com,NOT_REJECTED
Zoom — Application under review (ML Engineer),"We are continuing to review applications for the ML Engineer position. If selected, a member of our recruiting team will contact you.",greenhouse.io,NOT_REJECTED
Your application with Coinbase,Thank you for applying for the Data Analyst position at Coinbase. Your application has been received and is currently under review by our hiring team.,taleo.net,NOT_REJECTED
Atlassian — Assessment instructions,We are in the process of coordinating interviews for this role. You will be contacted if your profile is shortlisted.,workday.com,NOT_REJECTED
Adobe — Assessment instructions,"We are continuing to review applications for the DevOps Engineer position. If selected, a member of our recruiting team will contact you.",taleo.net,NOT_REJECTED
Notion — Interview scheduling request,"We are continuing to review applications for the Data Analyst position. If selected, a member of our recruiting team will contact you.",icims.com,NOT_REJECTED
Application received — Uber,We appreciate your interest in opportunities at Uber. Our team is reviewing applications and will contact you regarding next steps.,lever.co,NOT_REJECTED
Uber — Application under review (Data Analyst),We are in the process of coordinating interviews for this role. You will be contacted if your profile is shortlisted.,taleo.net,NOT_REJECTED
Your application with Tesla,Thank you for applying for the Data Analyst position at Tesla. Your application has been received and is currently under review by our hiring team.,notifications.lever.co,NOT_REJECTED
Apple Careers — Product Manager,Thank you for applying to Apple. We are reviewing submissions and will provide updates as the process progresses.,workday.com,NOT_REJECTED
Palantir Careers — Applied Scientist,Thank you for your interest in joining Palantir. We are in the process of reviewing candidate profiles and will reach out with updates.,notifications.lever.co,NOT_REJECTED
Cisco: Interview process update,We are in the process of coordinating interviews for this role. You will be contacted if your profile is shortlisted.,myworkday.com,NOT_REJECTED
VMware — Assessment instructions,Thank you for your interest in joining VMware. We are in the process of reviewing candidate profiles and will reach out with updates.,successfactors.com,NOT_REJECTED
Microsoft — Interview scheduling request,Thank you for applying to Microsoft. We are reviewing submissions and will provide updates as the process progresses.,taleo.net,NOT_REJECTED
Netflix — Thank you for applying,Thank you for applying for the ML Engineer position at Netflix. Your application has been received and is currently under review by our hiring team.,jobs.company.com,NOT_REJECTED
Application received — VMware,We appreciate your interest in opportunities at VMware. Our team is reviewing applications and will contact you regarding next steps.,notifications.lever.co,NOT_REJECTED
Salesforce Recruiting — Next steps,This message confirms receipt of your application for the Product Manager role at Salesforce. We will follow up once the review process is complete.,careers.company.com,NOT_REJECTED
LinkedIn — Application under review (Data Analyst),This is an update regarding your application at LinkedIn. The hiring team is still reviewing candidates.,recruiting.company.com,NOT_REJECTED
Application received — Salesforce,Your application is under consideration. We appreciate your patience as we complete our review process.,jobs.company.com,NOT_REJECTED
Amazon Recruiting — Next steps,"We are continuing to review applications for the QA Engineer position. If selected, a member of our recruiting team will contact you.",taleo.net,NOT_REJECTED
Your application with Zoom,Thank you for applying to Zoom. We are reviewing submissions and will provide updates as the process progresses.,workday.com,NOT_REJECTED
Tesla: Interview process update,We are in the process of coordinating interviews for this role. You will be contacted if your profile is shortlisted.,workday.com,NOT_REJECTED
Application received — VMware,This is an update regarding your application at VMware. The hiring team is still reviewing candidates.,lever.co,NOT_REJECTED
Okta: Interview process update,Your application for QA Engineer at Okta is currently being evaluated. No action is required from you at this time.,noreply.workday.com,NOT_REJECTED
Your application with Oracle,Your application is under consideration. We appreciate your patience as we complete our review process.,successfactors.com,NOT_REJECTED
Snowflake: Interview process update,Thank you for applying for the ML Engineer position at Snowflake. Your application has been received and is currently under review by our hiring team.,greenhouse.io,NOT_REJECTED
Databricks: Interview process update,Your application is under consideration. We appreciate your patience as we complete our review process.,recruiting.company.com,NOT_REJECTED
Application received — Adobe,Your application is under consideration. We appreciate your patience as we complete our review process.,jobs.company.com,NOT_REJECTED
Your application with Figma,Your application is under consideration. We appreciate your patience as we complete our review process.,noreply.workday.com,NOT_REJECTED
Salesforce — Thank you for applying,Thank you for applying to Salesforce. We are reviewing submissions and will provide updates as the process progresses.,noreply.workday.com,NOT_REJECTED
Amazon — Thank you for applying,Thank you for applying to Amazon. We are reviewing submissions and will provide updates as the process progresses.,taleo.net,NOT_REJECTED
Tesla: Interview process update,Thank you for applying for the Product Manager position at Tesla. Your application has been received and is currently under review by our hiring team.,greenhouse.io,NOT_REJECTED
Cisco — Application under review (Site Reliability Engineer),We are in the process of coordinating interviews for this role. You will be contacted if your profile is shortlisted.,jobs.company.com,NOT_REJECTED
Salesforce Recruiting — Next steps,"We are continuing to review applications for the Data Scientist position. If selected, a member of our recruiting team will contact you.",careers.company.com,NOT_REJECTED
Stripe Careers — Solutions Engineer,This message confirms receipt of your application for the Solutions Engineer role at Stripe. We will follow up once the review process is complete.,notifications.lever.co,NOT_REJECTED
LinkedIn: Interview process update,We appreciate your interest in opportunities at LinkedIn. Our team is reviewing applications and will contact you regarding next steps.,icims.com,NOT_REJECTED
Update on your application at Shopify,Thank you for applying for the Site Reliability Engineer position at Shopify. Your application has been received and is currently under review by our hiring team.,myworkday.com,NOT_REJECTED
Snowflake — Assessment instructions,Your application is under consideration. We appreciate your patience as we complete our review process.,greenhouse.io,NOT_REJECTED
Bloomberg: Interview process update,Thank you for your interest in joining Bloomberg. We are in the process of reviewing candidate profiles and will reach out with updates.,successfactors.com,NOT_REJECTED
Snowflake — Thank you for applying,This message confirms receipt of your application for the Security Engineer role at Snowflake. We will follow up once the review process is complete.,successfactors.com,NOT_REJECTED
VMware — Interview scheduling request,We are in the process of coordinating interviews for this role. You will be contacted if your profile is shortlisted.,recruiting.company.com,NOT_REJECTED
Application received — Cisco,This is an update regarding your application at Cisco. The hiring team is still reviewing candidates.,icims.com,NOT_REJECTED
Zoom Recruiting — Next steps,This message confirms receipt of your application for the Frontend Engineer role at Zoom. We will follow up once the review process is complete.,successfactors.com,NOT_REJECTED
DoorDash Recruiting — Next steps,Thank you for applying to DoorDash. We are reviewing submissions and will provide updates as the process progresses.,workday.com,NOT_REJECTED
Application received — Intuit,Thank you for your interest in joining Intuit. We are in the process of reviewing candidate profiles and will reach out with updates.,recruiting.company.com,NOT_REJECTED
Adobe Recruiting — Next steps,Thank you for applying to Adobe. We are reviewing submissions and will provide updates as the process progresses.,greenhouse.io,NOT_REJECTED
LinkedIn — Application under review (ML Engineer),Thank you for applying for the ML Engineer position at LinkedIn. Your application has been received and is currently under review by our hiring team.,noreply.workday.com,NOT_REJECTED
Okta: Interview process update,This message confirms receipt of your application for the Backend Engineer role at Okta. We will follow up once the review process is complete.,greenhouse.io,NOT_REJECTED
Update on your application at VMware,"We are continuing to review applications for the Applied Scientist position. If selected, a member of our recruiting team will contact you.",icims.com,NOT_REJECTED
Bloomberg — Assessment instructions,Thank you for applying for the Site Reliability Engineer position at Bloomberg. Your application has been received and is currently under review by our hiring team.,taleo.net,NOT_REJECTED
Your application with DoorDash,This is an update regarding your application at DoorDash. The hiring team is still reviewing candidates.,myworkday.com,NOT_REJECTED
LinkedIn — Thank you for applying,Thank you for your interest in joining LinkedIn. We are in the process of reviewing candidate profiles and will reach out with updates.,taleo.net,NOT_REJECTED
Bloomberg — Thank you for applying,Your application is under consideration. We appreciate your patience as we complete our review process.,notifications.lever.co,NOT_REJECTED
Databricks — Interview scheduling request,Thank you for applying to Databricks. We are reviewing submissions and will provide updates as the process progresses.,successfactors.com,NOT_REJECTED
Oracle Recruiting — Next steps,We are in the process of coordinating interviews for this role. You will be contacted if your profile is shortlisted.,successfactors.com,NOT_REJECTED
Application received — Notion,"We are continuing to review applications for the Applied Scientist position. If selected, a member of our recruiting team will contact you.",smartrecruiters.com,NOT_REJECTED
Amazon — Application under review (Backend Engineer),Your application for Backend Engineer at Amazon is currently being evaluated. No action is required from you at this time.,lever.co,NOT_REJECTED
Nvidia — Thank you for applying,This message confirms receipt of your application for the Applied Scientist role at Nvidia. We will follow up once the review process is complete.,noreply.workday.com,NOT_REJECTED
Apple: Interview process update,"We are continuing to review applications for the Software Engineer position. If selected, a member of our recruiting team will contact you.",successfactors.com,NOT_REJECTED
Apple — Application under review (Frontend Engineer),We are in the process of coordinating interviews for this role. You will be contacted if your profile is shortlisted.,myworkday.com,NOT_REJECTED
Your application with Netflix,"We are continuing to review applications for the ML Engineer position. If selected, a member of our recruiting team will contact you.",taleo.net,NOT_REJECTED
LinkedIn Careers — Site Reliability Engineer,"We are continuing to review applications for the Site Reliability Engineer position. If selected, a member of our recruiting team will contact you.",myworkday.com,NOT_REJECTED
Zoom — Assessment instructions,Thank you for applying for the Security Engineer position at Zoom. Your application has been received and is currently under review by our hiring team.,icims.com,NOT_REJECTED
Twilio — Thank you for applying,Thank you for applying for the Full‑Stack Engineer position at Twilio. Your application has been received and is currently under review by our hiring team.,notifications.lever.co,NOT_REJECTED
LinkedIn — Assessment instructions,Thank you for applying to LinkedIn. We are reviewing submissions and will provide updates as the process progresses.,smartrecruiters.com,NOT_REJECTED
Atlassian: Interview process update,"We are continuing to review applications for the QA Engineer position. If selected, a member of our recruiting team will contact you.",smartrecruiters.com,NOT_REJECTED
Update on your application at Airbnb,This is an update regarding your application at Airbnb. The hiring team is still reviewing candidates.,icims.com,NOT_REJECTED
Meta — Application under review (Full‑Stack Engineer),This message confirms receipt of your application for the Full‑Stack Engineer role at Meta. We will follow up once the review process is complete.,noreply.workday.com,NOT_REJECTED
Update on your application at Figma,Your application for ML Engineer at Figma is currently being evaluated. No action is required from you at this time.,careers.company.com,NOT_REJECTED
Apple Careers — Product Manager,Thank you for applying for the Product Manager position at Apple. Your application has been received and is currently under review by our hiring team.,notifications.lever.co,NOT_REJECTED
Figma: Interview process update,Thank you for your interest in joining Figma. We are in the process of reviewing candidate profiles and will reach out with updates.,notifications.lever.co,NOT_REJECTED
Your application with Snowflake,We are in the process of coordinating interviews for this role. You will be contacted if your profile is shortlisted.,successfactors.com,NOT_REJECTED
Palantir: Interview process update,We are in the process of coordinating interviews for this role. You will be contacted if your profile is shortlisted.,successfactors.com,NOT_REJECTED
Your application with Google,We are in the process of coordinating interviews for this role. You will be contacted if your profile is shortlisted.,jobs.company.com,NOT_REJECTED
Application received — LinkedIn,We appreciate your interest in opportunities at LinkedIn. Our team is reviewing applications and will contact you regarding next steps.,careers.company.com,NOT_REJECTED
Apple: Interview process update,Thank you for your interest in joining Apple. We are in the process of reviewing candidate profiles and will reach out with updates.,workday.com,NOT_REJECTED
Nvidia — Interview scheduling request,Thank you for applying to Nvidia. We are reviewing submissions and will provide updates as the process progresses.,noreply.workday.com,NOT_REJECTED
Update on your application at ServiceNow,"We are continuing to review applications for the Security Engineer position. If selected, a member of our recruiting team will contact you.",greenhouse.io,NOT_REJECTED
LinkedIn — Assessment instructions,We appreciate your interest in opportunities at LinkedIn. Our team is reviewing applications and will contact you regarding next steps.,jobs.company.com,NOT_REJECTED
Palantir — Assessment instructions,We appreciate your interest in opportunities at Palantir. Our team is reviewing applications and will contact you regarding next steps.,noreply.workday.com,NOT_REJECTED
LinkedIn — Thank you for applying,Your application is under consideration. We appreciate your patience as we complete our review process.,jobs.company.com,NOT_REJECTED
Stripe — Interview scheduling request,This message confirms receipt of your application for the Data Scientist role at Stripe. We will follow up once the review process is complete.,myworkday.com,NOT_REJECTED
Bloomberg Careers — DevOps Engineer,Your application for DevOps Engineer at Bloomberg is currently being evaluated. No action is required from you at this time.,myworkday.com,NOT_REJECTED
Uber — Assessment instructions,"We are continuing to review applications for the Full‑Stack Engineer position. If selected, a member of our recruiting team will contact you.",noreply.workday.com,NOT_REJECTED
Update on your application at Nvidia,Thank you for applying to Nvidia. We are reviewing submissions and will provide updates as the process progresses.,successfactors.com,NOT_REJECTED
Databricks — Assessment instructions,We are in the process of coordinating interviews for this role. You will be contacted if your profile is shortlisted.,smartrecruiters.com,NOT_REJECTED
Cisco Recruiting — Next steps,We appreciate your interest in opportunities at Cisco. Our team is reviewing applications and will contact you regarding next steps.,recruiting.company.com,NOT_REJECTED
Oracle — Assessment instructions,Your application for DevOps Engineer at Oracle is currently being evaluated. No action is required from you at this time.,lever.co,NOT_REJECTED
LinkedIn: Interview process update,"We are continuing to review applications for the Site Reliability Engineer position. If selected, a member of our recruiting team will contact you.",recruiting.company.com,NOT_REJECTED
Airbnb: Interview process update,Thank you for applying to Airbnb. We are reviewing submissions and will provide updates as the process progresses.,greenhouse.io,NOT_REJECTED
Update on your application at Salesforce,This message confirms receipt of your application for the Solutions Engineer role at Salesforce. We will follow up once the review process is complete.,recruiting.company.com,NOT_REJECTED
Application received — Salesforce,Your application is under consideration. We appreciate your patience as we complete our review process.,taleo.net,NOT_REJECTED
Atlassian Careers — QA Engineer,Your application is under consideration. We appreciate your patience as we complete our review process.,jobs.company.com,NOT_REJECTED
Coinbase — Thank you for applying,Thank you for your interest in joining Coinbase. We are in the process of reviewing candidate profiles and will reach out with updates.,notifications.lever.co,NOT_REJECTED
Okta — Assessment instructions,"We are continuing to review applications for the ML Engineer position. If selected, a member of our recruiting team will contact you.",careers.company.com,NOT_REJECTED
Your application with Databricks,Thank you for your interest in joining Databricks. We are in the process of reviewing candidate profiles and will reach out with updates.,workday.com,NOT_REJECTED
Nvidia: Interview process update,Your application is under consideration. We appreciate your patience as we complete our review process.,jobs.company.com,NOT_REJECTED
Meta — Assessment instructions,Thank you for your interest in joining Meta. We are in the process of reviewing candidate profiles and will reach out with updates.,lever.co,NOT_REJECTED
Amazon Careers — Software Engineer,Thank you for your interest in joining Amazon. We are in the process of reviewing candidate profiles and will reach out with updates.,careers.company.com,NOT_REJECTED
Palantir: Interview process update,Thank you for your interest in joining Palantir. We are in the process of reviewing candidate profiles and will reach out with updates.,careers.company.com,NOT_REJECTED
Palantir — Thank you for applying,We are in the process of coordinating interviews for this role. You will be contacted if your profile is shortlisted.,successfactors.com,NOT_REJECTED
Application received — Tesla,Your application for Product Manager at Tesla is currently being evaluated. No action is required from you at this time.,notifications.lever.co,NOT_REJECTED
Adobe — Interview scheduling request,Your application for Software Engineer at Adobe is currently being evaluated. No action is required from you at this time.,noreply.workday.com,NOT_REJECTED
Twilio — Interview scheduling request,Thank you for your interest in joining Twilio. We are in the process of reviewing candidate profiles and will reach out with updates.,taleo.net,NOT_REJECTED
Application received — Shopify,We are in the process of coordinating interviews for this role. You will be contacted if your profile is shortlisted.,myworkday.com,NOT_REJECTED
Tesla Recruiting — Next steps,Your application for Backend Engineer at Tesla is currently being evaluated. No action is required from you at this time.,recruiting.company.com,NOT_REJECTED
Twilio — Application under review (Data Analyst),Thank you for applying for the Data Analyst position at Twilio. Your application has been received and is currently under review by our hiring team.,smartrecruiters.com,NOT_REJECTED
Databricks — Assessment instructions,Your application for Product Manager at Databricks is currently being evaluated. No action is required from you at this time.,smartrecruiters.com,NOT_REJECTED
Figma Careers — Site Reliability Engineer,Thank you for applying for the Site Reliability Engineer position at Figma. Your application has been received and is currently under review by our hiring team.,noreply.workday.com,NOT_REJECTED
Airbnb — Interview scheduling request,This is an update regarding your application at Airbnb. The hiring team is still reviewing candidates.,myworkday.com,NOT_REJECTED
Coinbase — Assessment instructions,Thank you for applying to Coinbase. We are reviewing submissions and will provide updates as the process progresses.,noreply.workday.com,NOT_REJECTED
Update on your application at Intuit,We are in the process of coordinating interviews for this role. You will be contacted if your profile is shortlisted.,taleo.net,NOT_REJECTED
Cisco Recruiting — Next steps,Thank you for your interest in joining Cisco. We are in the process of reviewing candidate profiles and will reach out with updates.,taleo.net,NOT_REJECTED
Zoom — Assessment instructions,"We are continuing to review applications for the Solutions Engineer position. If selected, a member of our recruiting team will contact you.",careers.company.com,NOT_REJECTED
Apple Careers — ML Engineer,Your application is under consideration. We appreciate your patience as we complete our review process.,successfactors.com,NOT_REJECTED
Salesforce — Interview scheduling request,Thank you for your interest in joining Salesforce. We are in the process of reviewing candidate profiles and will reach out with updates.,notifications.lever.co,NOT_REJECTED
DoorDash Careers — DevOps Engineer,Your application for DevOps Engineer at DoorDash is currently being evaluated. No action is required from you at this time.,myworkday.com,NOT_REJECTED
DoorDash Recruiting — Next steps,We are in the process of coordinating interviews for this role. You will be contacted if your profile is shortlisted.,lever.co,NOT_REJECTED
Coinbase: Interview process update,We appreciate your interest in opportunities at Coinbase. Our team is reviewing applications and will contact you regarding next steps.,noreply.workday.com,NOT_REJECTED
Update on your application at Stripe,This message confirms receipt of your application for the Software Engineer role at Stripe. We will follow up once the review process is complete.,taleo.net,NOT_REJECTED
Notion: Interview process update,Your application for Frontend Engineer at Notion is currently being evaluated. No action is required from you at this time.,greenhouse.io,NOT_REJECTED
Application received — Amazon,Thank you for applying to Amazon. We are reviewing submissions and will provide updates as the process progresses.,myworkday.com,NOT_REJECTED
Bloomberg — Thank you for applying,This is an update regarding your application at Bloomberg. The hiring team is still reviewing candidates.,noreply.workday.com,NOT_REJECTED
Zoom — Assessment instructions,This is an update regarding your application at Zoom. The hiring team is still reviewing candidates.,noreply.workday.com,NOT_REJECTED
Twilio — Interview scheduling request,Thank you for applying to Twilio. We are reviewing submissions and will provide updates as the process progresses.,myworkday.com,NOT_REJECTED
Microsoft — Interview scheduling request,This is an update regarding your application at Microsoft. The hiring team is still reviewing candidates.,greenhouse.io,NOT_REJECTED
Adobe: Interview process update,Thank you for your interest in joining Adobe. We are in the process of reviewing candidate profiles and will reach out with updates.,greenhouse.io,NOT_REJECTED
Tesla — Interview scheduling request,Your application is under consideration. We appreciate your patience as we complete our review process.,recruiting.company.com,NOT_REJECTED
Databricks: Interview process update,Your application is under consideration. We appreciate your patience as we complete our review process.,taleo.net,NOT_REJECTED
Application received — Uber,This message confirms receipt of your application for the Backend Engineer role at Uber. We will follow up once the review process is complete.,careers.company.com,NOT_REJECTED
Application received — Atlassian,Thank you for your interest in joining Atlassian. We are in the process of reviewing candidate profiles and will reach out with updates.,careers.company.com,NOT_REJECTED
Oracle Recruiting — Next steps,"We are continuing to review applications for the DevOps Engineer position. If selected, a member of our recruiting team will contact you.",workday.com,NOT_REJECTED
ServiceNow — Interview scheduling request,This message confirms receipt of your application for the Security Engineer role at ServiceNow. We will follow up once the review process is complete.,icims.com,NOT_REJECTED
Cisco — Assessment instructions,This message confirms receipt of your application for the Full‑Stack Engineer role at Cisco. We will follow up once the review process is complete.,jobs.company.com,NOT_REJECTED
Update on your application at ServiceNow,This message confirms receipt of your application for the Full‑Stack Engineer role at ServiceNow. We will follow up once the review process is complete.,noreply.workday.com,NOT_REJECTED
Twilio — Application under review (Backend Engineer),Thank you for applying to Twilio. We are reviewing submissions and will provide updates as the process progresses.,smartrecruiters.com,NOT_REJECTED
Cisco — Interview scheduling request,This is an update regarding your application at Cisco. The hiring team is still reviewing candidates.,recruiting.company.com,NOT_REJECTED
Update on your application at LinkedIn,Your application for Software Engineer at LinkedIn is currently being evaluated. No action is required from you at this time.,taleo.net,NOT_REJECTED
Google — Application under review (Full‑Stack Engineer),"We are continuing to review applications for the Full‑Stack Engineer position. If selected, a member of our recruiting team will contact you.",successfactors.com,NOT_REJECTED
Snowflake — Thank you for applying,Your application for Frontend Engineer at Snowflake is currently being evaluated. No action is required from you at this time.,greenhouse.io,NOT_REJECTED
Application received — Cisco,We are in the process of coordinating interviews for this role. You will be contacted if your profile is shortlisted.,careers.company.com,NOT_REJECTED
Nvidia — Interview scheduling request,This is an update regarding your application at Nvidia. The hiring team is still reviewing candidates.,successfactors.com,NOT_REJECTED
Your application with Bloomberg,We are in the process of coordinating interviews for this role. You will be contacted if your profile is shortlisted.,greenhouse.io,NOT_REJECTED
Coinbase Careers — Data Scientist,Thank you for applying to Coinbase. We are reviewing submissions and will provide updates as the process progresses.,noreply.workday.com,NOT_REJECTED
Notion — Application under review (Applied Scientist),This message confirms receipt of your application for the Applied Scientist role at Notion. We will follow up once the review process is complete.,workday.com,NOT_REJECTED
Update on your application at Bloomberg,Your application is under consideration. We appreciate your patience as we complete our review process.,greenhouse.io,NOT_REJECTED
Your application with Stripe,Thank you for your interest in joining Stripe. We are in the process of reviewing candidate profiles and will reach out with updates.,recruiting.company.com,NOT_REJECTED
Application received — Atlassian,This is an update regarding your application at Atlassian. The hiring team is still reviewing candidates.,greenhouse.io,NOT_REJECTED
Atlassian: Interview process update,This is an update regarding your application at Atlassian. The hiring team is still reviewing candidates.,recruiting.company.com,NOT_REJECTED
Amazon: Interview process update,Your application for Product Manager at Amazon is currently being evaluated. No action is required from you at this time.,successfactors.com,NOT_REJECTED
Application received — Intuit,Thank you for applying to Intuit. We are reviewing submissions and will provide updates as the process progresses.,lever.co,NOT_REJECTED
Intuit Careers — Product Manager,We are in the process of coordinating interviews for this role. You will be contacted if your profile is shortlisted.,lever.co,NOT_REJECTED
Uber — Interview scheduling request,"We are continuing to review applications for the DevOps Engineer position. If selected, a member of our recruiting team will contact you.",taleo.net,NOT_REJECTED
Update on your application at LinkedIn,"We are continuing to review applications for the Applied Scientist position. If selected, a member of our recruiting team will contact you.",taleo.net,NOT_REJECTED
Update on your application at Coinbase,Your application is under consideration. We appreciate your patience as we complete our review process.,jobs.company.com,NOT_REJECTED
Update on your application at VMware,This message confirms receipt of your application for the Applied Scientist role at VMware. We will follow up once the review process is complete.,jobs.company.com,NOT_REJECTED
Twilio Recruiting — Next steps,We are in the process of coordinating interviews for this role. You will be contacted if your profile is shortlisted.,noreply.workday.com,NOT_REJECTED
Atlassian — Interview scheduling request,Thank you for applying for the Security Engineer position at Atlassian. Your application has been received and is currently under review by our hiring team.,recruiting.company.com,NOT_REJECTED
Oracle — Application under review (Frontend Engineer),Your application for Frontend Engineer at Oracle is currently being evaluated. No action is required from you at this time.,successfactors.com,NOT_REJECTED
Application received — Microsoft,Thank you for applying to Microsoft. We are reviewing submissions and will provide updates as the process progresses.,taleo.net,NOT_REJECTED
Databricks — Assessment instructions,Your application for Applied Scientist at Databricks is currently being evaluated. No action is required from you at this time.,jobs.company.com,NOT_REJECTED
Airbnb: Interview process update,"We are continuing to review applications for the Solutions Engineer position. If selected, a member of our recruiting team will contact you.",icims.com,NOT_REJECTED
Uber: Interview process update,We are in the process of coordinating interviews for this role. You will be contacted if your profile is shortlisted.,myworkday.com,NOT_REJECTED
Twilio Careers — ML Engineer,This is an update regarding your application at Twilio. The hiring team is still reviewing candidates.,notifications.lever.co,NOT_REJECTED
VMware — Assessment instructions,Your application for Software Engineer at VMware is currently being evaluated. No action is required from you at this time.,icims.com,NOT_REJECTED
Update on your application at Amazon,We are in the process of coordinating interviews for this role. You will be contacted if your profile is shortlisted.,taleo.net,NOT_REJECTED
VMware Careers — Applied Scientist,Thank you for your interest in joining VMware. We are in the process of reviewing candidate profiles and will reach out with updates.,greenhouse.io,NOT_REJECTED
Update on your application at Salesforce,"We are continuing to review applications for the Security Engineer position. If selected, a member of our recruiting team will contact you.",icims.com,NOT_REJECTED
Application received — Oracle,Thank you for applying for the Product Manager position at Oracle. Your application has been received and is currently under review by our hiring team.,recruiting.company.com,NOT_REJECTED
Update on your application at Nvidia,Thank you for your interest in joining Nvidia. We are in the process of reviewing candidate profiles and will reach out with updates.,icims.com,NOT_REJECTED
Airbnb Recruiting — Next steps,We appreciate your interest in opportunities at Airbnb. Our team is reviewing applications and will contact you regarding next steps.,noreply.workday.com,NOT_REJECTED
Databricks Recruiting — Next steps,Thank you for applying for the Software Engineer position at Databricks. Your application has been received and is currently under review by our hiring team.,myworkday.com,NOT_REJECTED
Snowflake — Application under review (Site Reliability Engineer),Thank you for your interest in joining Snowflake. We are in the process of reviewing candidate profiles and will reach out with updates.,careers.company.com,NOT_REJECTED
Databricks: Interview process update,Your application for Data Scientist at Databricks is currently being evaluated. No action is required from you at this time.,taleo.net,NOT_REJECTED
ServiceNow — Thank you for applying,Thank you for applying for the Frontend Engineer position at ServiceNow. Your application has been received and is currently under review by our hiring team.,workday.com,NOT_REJECTED
Apple — Assessment instructions,Thank you for applying for the Site Reliability Engineer position at Apple. Your application has been received and is currently under review by our hiring team.,notifications.lever.co,NOT_REJECTED
Adobe — Assessment instructions,Thank you for your interest in joining Adobe. We are in the process of reviewing candidate profiles and will reach out with updates.,lever.co,NOT_REJECTED
Atlassian Careers — Frontend Engineer,Thank you for applying to Atlassian. We are reviewing submissions and will provide updates as the process progresses.,myworkday.com,NOT_REJECTED
Update on your application at Coinbase,We are in the process of coordinating interviews for this role. You will be contacted if your profile is shortlisted.,taleo.net,NOT_REJECTED
DoorDash — Thank you for applying,We are in the process of coordinating interviews for this role. You will be contacted if your profile is shortlisted.,noreply.workday.com,NOT_REJECTED
Airbnb — Thank you for applying,This is an update regarding your application at Airbnb. The hiring team is still reviewing candidates.,noreply.workday.com,NOT_REJECTED
VMware: Interview process update,Thank you for your interest in joining VMware. We are in the process of reviewing candidate profiles and will reach out with updates.,myworkday.com,NOT_REJECTED
Amazon: Interview process update,We are in the process of coordinating interviews for this role. You will be contacted if your profile is shortlisted.,recruiting.company.com,NOT_REJECTED
Intuit: Interview process update,Your application for Security Engineer at Intuit is currently being evaluated. No action is required from you at this time.,myworkday.com,NOT_REJECTED
Salesforce: Interview process update,Your application is under consideration. We appreciate your patience as we complete our review process.,careers.company.com,NOT_REJECTED
Application received — Okta,We appreciate your interest in opportunities at Okta. Our team is reviewing applications and will contact you regarding next steps.,workday.com,NOT_REJECTED
Amazon — Application under review (Data Analyst),We are in the process of coordinating interviews for this role. You will be contacted if your profile is shortlisted.,smartrecruiters.com,NOT_REJECTED
Intuit: Interview process update,Your application is under consideration. We appreciate your patience as we complete our review process.,careers.company.com,NOT_REJECTED
Update on your application at DoorDash,"We are continuing to review applications for the Product Manager position. If selected, a member of our recruiting team will contact you.",myworkday.com,NOT_REJECTED
Atlassian Recruiting — Next steps,This message confirms receipt of your application for the Data Scientist role at Atlassian. We will follow up once the review process is complete.,noreply.workday.com,NOT_REJECTED
Figma — Thank you for applying,Your application is under consideration. We appreciate your patience as we complete our review process.,notifications.lever.co,NOT_REJECTED
Uber — Thank you for applying,Your application is under consideration. We appreciate your patience as we complete our review process.,taleo.net,NOT_REJECTED
LinkedIn — Assessment instructions,Your application for Data Scientist at LinkedIn is currently being evaluated. No action is required from you at this time.,successfactors.com,NOT_REJECTED
Airbnb: Interview process update,Thank you for applying for the Applied Scientist position at Airbnb. Your application has been received and is currently under review by our hiring team.,lever.co,NOT_REJECTED
Update on your application at Tesla,Thank you for your interest in joining Tesla. We are in the process of reviewing candidate profiles and will reach out with updates.,notifications.lever.co,NOT_REJECTED
Databricks — Thank you for applying,Your application is under consideration. We appreciate your patience as we complete our review process.,careers.company.com,NOT_REJECTED
Notion — Assessment instructions,Your application is under consideration. We appreciate your patience as we complete our review process.,greenhouse.io,NOT_REJECTED
Cisco Recruiting — Next steps,We appreciate your interest in opportunities at Cisco. Our team is reviewing applications and will contact you regarding next steps.,greenhouse.io,NOT_REJECTED
Apple — Interview scheduling request,"We are continuing to review applications for the Product Manager position. If selected, a member of our recruiting team will contact you.",workday.com,NOT_REJECTED
Uber — Thank you for applying,We are in the process of coordinating interviews for this role. You will be contacted if your profile is shortlisted.,recruiting.company.com,NOT_REJECTED
Oracle — Interview scheduling request,Thank you for applying for the Frontend Engineer position at Oracle. Your application has been received and is currently under review by our hiring team.,greenhouse.io,NOT_REJECTED
Application received — Bloomberg,Your application is under consideration. We appreciate your patience as we complete our review process.,notifications.lever.co,NOT_REJECTED
Cisco — Thank you for applying,Thank you for applying for the Full‑Stack Engineer position at Cisco. Your application has been received and is currently under review by our hiring team.,smartrecruiters.com,NOT_REJECTED
Cisco — Application under review (Applied Scientist),We appreciate your interest in opportunities at Cisco. Our team is reviewing applications and will contact you regarding next steps.,recruiting.company.com,NOT_REJECTED
Okta Careers — Frontend Engineer,"We are continuing to review applications for the Frontend Engineer position. If selected, a member of our recruiting team will contact you.",taleo.net,NOT_REJECTED
Update on your application at Bloomberg,Your application is under consideration. We appreciate your patience as we complete our review process.,successfactors.com,NOT_REJECTED
Update on your application at ServiceNow,Thank you for applying for the Applied Scientist position at ServiceNow. Your application has been received and is currently under review by our hiring team.,recruiting.company.com,NOT_REJECTED
Figma Careers — Data Analyst,We are in the process of coordinating interviews for this role. You will be contacted if your profile is shortlisted.,taleo.net,NOT_REJECTED
Your application with LinkedIn,We are in the process of coordinating interviews for this role. You will be contacted if your profile is shortlisted.,smartrecruiters.com,NOT_REJECTED
Adobe Careers — Site Reliability Engineer,Thank you for your interest in joining Adobe. We are in the process of reviewing candidate profiles and will reach out with updates.,icims.com,NOT_REJECTED
Your application with LinkedIn,Thank you for applying to LinkedIn. We are reviewing submissions and will provide updates as the process progresses.,greenhouse.io,NOT_REJECTED
Update on your application at Google,This is an update regarding your application at Google. The hiring team is still reviewing candidates.,smartrecruiters.com,NOT_REJECTED
Uber Recruiting — Next steps,Thank you for applying to Uber. We are reviewing submissions and will provide updates as the process progresses.,recruiting.company.com,NOT_REJECTED
Cisco — Thank you for applying,Thank you for applying to Cisco. We are reviewing submissions and will provide updates as the process progresses.,successfactors.com,NOT_REJECTED
Application received — Nvidia,Your application for Product Manager at Nvidia is currently being evaluated. No action is required from you at this time.,jobs.company.com,NOT_REJECTED
DoorDash: Interview process update,Your application is under consideration. We appreciate your patience as we complete our review process.,jobs.company.com,NOT_REJECTED
Salesforce — Thank you for applying,Thank you for applying for the Applied Scientist position at Salesforce. Your application has been received and is currently under review by our hiring team.,jobs.company.com,NOT_REJECTED
DoorDash — Application under review (Backend Engineer),This is an update regarding your application at DoorDash. The hiring team is still reviewing candidates.,notifications.lever.co,NOT_REJECTED
Application received — Google,Thank you for applying for the ML Engineer position at Google. Your application has been received and is currently under review by our hiring team.,careers.company.com,NOT_REJECTED
VMware — Application under review (Applied Scientist),Your application for Applied Scientist at VMware is currently being evaluated. No action is required from you at this time.,successfactors.com,NOT_REJECTED
ServiceNow — Application under review (Backend Engineer),We appreciate your interest in opportunities at ServiceNow. Our team is reviewing applications and will contact you regarding next steps.,careers.company.com,NOT_REJECTED
Nvidia Recruiting — Next steps,"We are continuing to review applications for the ML Engineer position. If selected, a member of our recruiting team will contact you.",notifications.lever.co,NOT_REJECTED
Application received — Microsoft,Your application for Data Analyst at Microsoft is currently being evaluated. No action is required from you at this time.,smartrecruiters.com,NOT_REJECTED
Application received — Meta,"We are continuing to review applications for the QA Engineer position. If selected, a member of our recruiting team will contact you.",jobs.company.com,NOT_REJECTED
Adobe — Assessment instructions,Thank you for your interest in joining Adobe. We are in the process of reviewing candidate profiles and will reach out with updates.,smartrecruiters.com,NOT_REJECTED
Salesforce: Interview process update,Thank you for applying to Salesforce. We are reviewing submissions and will provide updates as the process progresses.,successfactors.com,NOT_REJECTED
Uber: Interview process update,We are in the process of coordinating interviews for this role. You will be contacted if your profile is shortlisted.,recruiting.company.com,NOT_REJECTED
Application received — Nvidia,"We are continuing to review applications for the Frontend Engineer position. If selected, a member of our recruiting team will contact you.",noreply.workday.com,NOT_REJECTED
Palantir — Interview scheduling request,Thank you for applying for the QA Engineer position at Palantir. Your application has been received and is currently under review by our hiring team.,careers.company.com,NOT_REJECTED
Uber: Interview process update,This message confirms receipt of your application for the DevOps Engineer role at Uber. We will follow up once the review process is complete.,workday.com,NOT_REJECTED
Your application with Twilio,We are in the process of coordinating interviews for this role. You will be contacted if your profile is shortlisted.,notifications.lever.co,NOT_REJECTED
Coinbase — Application under review (Product Manager),Your application is under consideration. We appreciate your patience as we complete our review process.,smartrecruiters.com,NOT_REJECTED
Uber — Thank you for applying,Thank you for applying to Uber. We are reviewing submissions and will provide updates as the process progresses.,jobs.company.com,NOT_REJECTED
Coinbase — Assessment instructions,Your application for Software Engineer at Coinbase is currently being evaluated. No action is required from you at this time.,successfactors.com,NOT_REJECTED
Update on your application at Meta,This is an update regarding your application at Meta. The hiring team is still reviewing candidates.,noreply.workday.com,NOT_REJECTED
Application received — Notion,We appreciate your interest in opportunities at Notion. Our team is reviewing applications and will contact you regarding next steps.,lever.co,NOT_REJECTED
Palantir — Interview scheduling request,Thank you for applying for the Applied Scientist position at Palantir. Your application has been received and is currently under review by our hiring team.,careers.company.com,NOT_REJECTED
Twilio — Application under review (Solutions Engineer),Thank you for applying to Twilio. We are reviewing submissions and will provide updates as the process progresses.,icims.com,NOT_REJECTED
Netflix — Thank you for applying,Thank you for your interest in joining Netflix. We are in the process of reviewing candidate profiles and will reach out with updates.,lever.co,NOT_REJECTED
Stripe — Assessment instructions,This is an update regarding your application at Stripe. The hiring team is still reviewing candidates.,icims.com,NOT_REJECTED
Oracle — Thank you for applying,We are in the process of coordinating interviews for this role. You will be contacted if your profile is shortlisted.,taleo.net,NOT_REJECTED
LinkedIn — Assessment instructions,This message confirms receipt of your application for the ML Engineer role at LinkedIn. We will follow up once the review process is complete.,lever.co,NOT_REJECTED
Your application with Figma,Your application is under consideration. We appreciate your patience as we complete our review process.,taleo.net,NOT_REJECTED
Palantir — Interview scheduling request,This message confirms receipt of your application for the QA Engineer role at Palantir. We will follow up once the review process is complete.,careers.company.com,NOT_REJECTED
Zoom — Interview scheduling request,This message confirms receipt of your application for the Solutions Engineer role at Zoom. We will follow up once the review process is complete.,notifications.lever.co,NOT_REJECTED
Stripe — Interview scheduling request,Thank you for applying for the Data Scientist position at Stripe. Your application has been received and is currently under review by our hiring team.,myworkday.com,NOT_REJECTED
Application received — Figma,This is an update regarding your application at Figma. The hiring team is still reviewing candidates.,careers.company.com,NOT_REJECTED
Tesla Careers — Backend Engineer,Thank you for applying to Tesla. We are reviewing submissions and will provide updates as the process progresses.,jobs.company.com,NOT_REJECTED
Oracle Careers — Backend Engineer,Thank you for your interest in joining Oracle. We are in the process of reviewing candidate profiles and will reach out with updates.,lever.co,NOT_REJECTED
Atlassian: Interview process update,This is an update regarding your application at Atlassian. The hiring team is still reviewing candidates.,myworkday.com,NOT_REJECTED
Zoom — Thank you for applying,We appreciate your interest in opportunities at Zoom. Our team is reviewing applications and will contact you regarding next steps.,taleo.net,NOT_REJECTED
Update on your application at VMware,We are in the process of coordinating interviews for this role. You will be contacted if your profile is shortlisted.,myworkday.com,NOT_REJECTED
Salesforce Careers — QA Engineer,We are in the process of coordinating interviews for this role. You will be contacted if your profile is shortlisted.,smartrecruiters.com,NOT_REJECTED
Nvidia — Application under review (ML Engineer),Thank you for your interest in joining Nvidia. We are in the process of reviewing candidate profiles and will reach out with updates.,taleo.net,NOT_REJECTED
Coinbase — Application under review (Backend Engineer),We appreciate your interest in opportunities at Coinbase. Our team is reviewing applications and will contact you regarding next steps.,lever.co,NOT_REJECTED
Update on your application at VMware,Your application is under consideration. We appreciate your patience as we complete our review process.,taleo.net,NOT_REJECTED
Uber — Thank you for applying,Your application is under consideration. We appreciate your patience as we complete our review process.,icims.com,NOT_REJECTED
Palantir Careers — Backend Engineer,We appreciate your interest in opportunities at Palantir. Our team is reviewing applications and will contact you regarding next steps.,notifications.lever.co,NOT_REJECTED
Cisco Careers — Data Analyst,Thank you for your interest in joining Cisco. We are in the process of reviewing candidate profiles and will reach out with updates.,recruiting.company.com,NOT_REJECTED
Microsoft Recruiting — Next steps,We are in the process of coordinating interviews for this role. You will be contacted if your profile is shortlisted.,taleo.net,NOT_REJECTED
Shopify — Assessment instructions,Your application for ML Engineer at Shopify is currently being evaluated. No action is required from you at this time.,careers.company.com,NOT_REJECTED
Update on your application at Palantir,This is an update regarding your application at Palantir. The hiring team is still reviewing candidates.,jobs.company.com,NOT_REJECTED
Snowflake — Thank you for applying,Thank you for applying to Snowflake. We are reviewing submissions and will provide updates as the process progresses.,jobs.company.com,NOT_REJECTED
Atlassian — Thank you for applying,Thank you for applying for the QA Engineer position at Atlassian. Your application has been received and is currently under review by our hiring team.,lever.co,NOT_REJECTED
Application received — Google,This message confirms receipt of your application for the Frontend Engineer role at Google. We will follow up once the review process is complete.,notifications.lever.co,NOT_REJECTED
Palantir — Thank you for applying,Thank you for applying to Palantir. We are reviewing submissions and will provide updates as the process progresses.,workday.com,NOT_REJECTED
Meta: Interview process update,We are in the process of coordinating interviews for this role. You will be contacted if your profile is shortlisted.,greenhouse.io,NOT_REJECTED
Stripe — Thank you for applying,This is an update regarding your application at Stripe. The hiring team is still reviewing candidates.,successfactors.com,NOT_REJECTED
Your application with Amazon,Your application is under consideration. We appreciate your patience as we complete our review process.,notifications.lever.co,NOT_REJECTED
Intuit — Application under review (ML Engineer),We are in the process of coordinating interviews for this role. You will be contacted if your profile is shortlisted.,careers.company.com,NOT_REJECTED
Application received — Snowflake,Your application is under consideration. We appreciate your patience as we complete our review process.,jobs.company.com,NOT_REJECTED
Meta — Application under review (Software Engineer),Your application for Software Engineer at Meta is currently being evaluated. No action is required from you at this time.,careers.company.com,NOT_REJECTED
Stripe — Application under review (Security Engineer),Your application for Security Engineer at Stripe is currently being evaluated. No action is required from you at this time.,icims.com,NOT_REJECTED
Airbnb — Thank you for applying,Your application for QA Engineer at Airbnb is currently being evaluated. No action is required from you at this time.,smartrecruiters.com,NOT_REJECTED
Your application with Bloomberg,Your application is under consideration. We appreciate your patience as we complete our review process.,notifications.lever.co,NOT_REJECTED
Update on your application at Zoom,We are in the process of coordinating interviews for this role. You will be contacted if your profile is shortlisted.,icims.com,NOT_REJECTED
Adobe — Thank you for applying,Thank you for applying to Adobe. We are reviewing submissions and will provide updates as the process progresses.,jobs.company.com,NOT_REJECTED
ServiceNow — Application under review (DevOps Engineer),We appreciate your interest in opportunities at ServiceNow. Our team is reviewing applications and will contact you regarding next steps.,lever.co,NOT_REJECTED
Microsoft — Assessment instructions,We appreciate your interest in opportunities at Microsoft. Our team is reviewing applications and will contact you regarding next steps.,greenhouse.io,NOT_REJECTED
Okta — Interview scheduling request,Your application for Software Engineer at Okta is currently being evaluated. No action is required from you at this time.,notifications.lever.co,NOT_REJECTED
Okta Recruiting — Next steps,Thank you for your interest in joining Okta. We are in the process of reviewing candidate profiles and will reach out with updates.,taleo.net,NOT_REJECTED
Snowflake Careers — Applied Scientist,Your application for Applied Scientist at Snowflake is currently being evaluated. No action is required from you at this time.,taleo.net,NOT_REJECTED
Amazon — Interview scheduling request,This message confirms receipt of your application for the Applied Scientist role at Amazon. We will follow up once the review process is complete.,careers.company.com,NOT_REJECTED
Tesla — Application under review (Full‑Stack Engineer),Your application for Full‑Stack Engineer at Tesla is currently being evaluated. No action is required from you at this time.,lever.co,NOT_REJECTED
Your application with Amazon,Your application for Data Scientist at Amazon is currently being evaluated. No action is required from you at this time.,careers.company.com,NOT_REJECTED
Nvidia — Assessment instructions,Thank you for applying to Nvidia. We are reviewing submissions and will provide updates as the process progresses.,recruiting.company.com,NOT_REJECTED
Application received — Adobe,We appreciate your interest in opportunities at Adobe. Our team is reviewing applications and will contact you regarding next steps.,jobs.company.com,NOT_REJECTED
Application received — Oracle,Thank you for applying to Oracle. We are reviewing submissions and will provide updates as the process progresses.,greenhouse.io,NOT_REJECTED
Figma Recruiting — Next steps,We are in the process of coordinating interviews for this role. You will be contacted if your profile is shortlisted.,jobs.company.com,NOT_REJECTED
Palantir — Assessment instructions,This is an update regarding your application at Palantir. The hiring team is still reviewing candidates.,noreply.workday.com,NOT_REJECTED
Your application with Salesforce,Your application for Applied Scientist at Salesforce is currently being evaluated. No action is required from you at this time.,taleo.net,NOT_REJECTED
Notion — Assessment instructions,This message confirms receipt of your application for the Security Engineer role at Notion. We will follow up once the review process is complete.,icims.com,NOT_REJECTED
Notion — Interview scheduling request,Thank you for applying to Notion. We are reviewing submissions and will provide updates as the process progresses.,lever.co,NOT_REJECTED
Airbnb Recruiting — Next steps,Thank you for applying for the ML Engineer position at Airbnb. Your application has been received and is currently under review by our hiring team.,myworkday.com,NOT_REJECTED
Your application with Bloomberg,Thank you for applying for the Data Analyst position at Bloomberg. Your application has been received and is currently under review by our hiring team.,workday.com,NOT_REJECTED
Atlassian — Assessment instructions,Thank you for your interest in joining Atlassian. We are in the process of reviewing candidate profiles and will reach out with updates.,recruiting.company.com,NOT_REJECTED
Your application with Bloomberg,Thank you for your interest in joining Bloomberg. We are in the process of reviewing candidate profiles and will reach out with updates.,lever.co,NOT_REJECTED
Your application with Atlassian,We appreciate your interest in opportunities at Atlassian. Our team is reviewing applications and will contact you regarding next steps.,taleo.net,NOT_REJECTED
LinkedIn Careers — ML Engineer,Thank you for your interest in joining LinkedIn. We are in the process of reviewing candidate profiles and will reach out with updates.,successfactors.com,NOT_REJECTED
Application received — Atlassian,This message confirms receipt of your application for the Data Scientist role at Atlassian. We will follow up once the review process is complete.,lever.co,NOT_REJECTED
Palantir — Application under review (Software Engineer),We are in the process of coordinating interviews for this role. You will be contacted if your profile is shortlisted.,icims.com,NOT_REJECTED
Adobe — Assessment instructions,Your application for Backend Engineer at Adobe is currently being evaluated. No action is required from you at this time.,icims.com,NOT_REJECTED
Nvidia Careers — Full‑Stack Engineer,Your application for Full‑Stack Engineer at Nvidia is currently being evaluated. No action is required from you at this time.,icims.com,NOT_REJECTED
VMware — Thank you for applying,Thank you for applying for the Data Scientist position at VMware. Your application has been received and is currently under review by our hiring team.,careers.company.com,NOT_REJECTED
Your application with Palantir,Your application for Full‑Stack Engineer at Palantir is currently being evaluated. No action is required from you at this time.,workday.com,NOT_REJECTED
Databricks: Interview process update,Thank you for applying to Databricks. We are reviewing submissions and will provide updates as the process progresses.,noreply.workday.com,NOT_REJECTED
Adobe Careers — Solutions Engineer,Thank you for applying for the Solutions Engineer position at Adobe. Your application has been received and is currently under review by our hiring team.,notifications.lever.co,NOT_REJECTED
Coinbase — Application under review (Backend Engineer),Thank you for applying for the Backend Engineer position at Coinbase. Your application has been received and is currently under review by our hiring team.,myworkday.com,NOT_REJECTED
Application received — Intuit,Thank you for applying for the Data Analyst position at Intuit. Your application has been received and is currently under review by our hiring team.,successfactors.com,NOT_REJECTED
Tesla — Application under review (Security Engineer),We are in the process of coordinating interviews for this role. You will be contacted if your profile is shortlisted.,lever.co,NOT_REJECTED
Your application with Snowflake,Thank you for applying for the Data Scientist position at Snowflake. Your application has been received and is currently under review by our hiring team.,myworkday.com,NOT_REJECTED
Update on your application at Okta,Thank you for applying to Okta. We are reviewing submissions and will provide updates as the process progresses.,greenhouse.io,NOT_REJECTED
Your application with Shopify,We are in the process of coordinating interviews for this role. You will be contacted if your profile is shortlisted.,recruiting.company.com,NOT_REJECTED
Snowflake: Interview process update,Thank you for applying for the QA Engineer position at Snowflake. Your application has been received and is currently under review by our hiring team.,icims.com,NOT_REJECTED
Okta — Interview scheduling request,This is an update regarding your application at Okta. The hiring team is still reviewing candidates.,recruiting.company.com,NOT_REJECTED
Shopify: Interview process update,Thank you for applying to Shopify. We are reviewing submissions and will provide updates as the process progresses.,notifications.lever.co,NOT_REJECTED
DoorDash Recruiting — Next steps,This message confirms receipt of your application for the Data Analyst role at DoorDash. We will follow up once the review process is complete.,notifications.lever.co,NOT_REJECTED
Update on your application at ServiceNow,"We are continuing to review applications for the ML Engineer position. If selected, a member of our recruiting team will contact you.",careers.company.com,NOT_REJECTED
LinkedIn Careers — Data Scientist,Your application is under consideration. We appreciate your patience as we complete our review process.,smartrecruiters.com,NOT_REJECTED
Your application with Google,Your application for Site Reliability Engineer at Google is currently being evaluated. No action is required from you at this time.,lever.co,NOT_REJECTED
LinkedIn: Interview process update,Thank you for applying to LinkedIn. We are reviewing submissions and will provide updates as the process progresses.,jobs.company.com,NOT_REJECTED
Application received — Cisco,We are in the process of coordinating interviews for this role. You will be contacted if your profile is shortlisted.,lever.co,NOT_REJECTED
Bloomberg — Interview scheduling request,Your application is under consideration. We appreciate your patience as we complete our review process.,notifications.lever.co,NOT_REJECTED
Airbnb Careers — Full‑Stack Engineer,Your application is under consideration. We appreciate your patience as we complete our review process.,notifications.lever.co,NOT_REJECTED
Nvidia Recruiting — Next steps,Thank you for applying to Nvidia. We are reviewing submissions and will provide updates as the process progresses.,lever.co,NOT_REJECTED
Application received — Intuit,Your application for Data Scientist at Intuit is currently being evaluated. No action is required from you at this time.,careers.company.com,NOT_REJECTED
Application received — Stripe,Your application for QA Engineer at Stripe is currently being evaluated. No action is required from you at this time.,noreply.workday.com,NOT_REJECTED
Databricks — Application under review (Product Manager),This message confirms receipt of your application for the Product Manager role at Databricks. We will follow up once the review process is complete.,greenhouse.io,NOT_REJECTED
Application received — Atlassian,Thank you for applying for the Solutions Engineer position at Atlassian. Your application has been received and is currently under review by our hiring team.,notifications.lever.co,NOT_REJECTED
Update on your application at Atlassian,We are in the process of coordinating interviews for this role. You will be contacted if your profile is shortlisted.,workday.com,NOT_REJECTED
Google — Thank you for applying,"We are continuing to review applications for the Data Scientist position. If selected, a member of our recruiting team will contact you.",greenhouse.io,NOT_REJECTED
Okta — Thank you for applying,Your application for ML Engineer at Okta is currently being evaluated. No action is required from you at this time.,notifications.lever.co,NOT_REJECTED
VMware Recruiting — Next steps,We are in the process of coordinating interviews for this role. You will be contacted if your profile is shortlisted.,noreply.workday.com,NOT_REJECTED
Okta — Assessment instructions,Thank you for applying to Okta. We are reviewing submissions and will provide updates as the process progresses.,smartrecruiters.com,NOT_REJECTED
Databricks — Application under review (QA Engineer),Thank you for your interest in joining Databricks. We are in the process of reviewing candidate profiles and will reach out with updates.,careers.company.com,NOT_REJECTED
Update on your application at Twilio,This message confirms receipt of your application for the Backend Engineer role at Twilio. We will follow up once the review process is complete.,smartrecruiters.com,NOT_REJECTED
Your application with Netflix,This message confirms receipt of your application for the Backend Engineer role at Netflix. We will follow up once the review process is complete.,icims.com,NOT_REJECTED
Palantir — Application under review (Data Scientist),This is an update regarding your application at Palantir. The hiring team is still reviewing candidates.,workday.com,NOT_REJECTED
Update on your application at Palantir,This message confirms receipt of your application for the Security Engineer role at Palantir. We will follow up once the review process is complete.,greenhouse.io,NOT_REJECTED
Your application with Uber,We are in the process of coordinating interviews for this role. You will be contacted if your profile is shortlisted.,careers.company.com,NOT_REJECTED
Intuit: Interview process update,Your application is under consideration. We appreciate your patience as we complete our review process.,icims.com,NOT_REJECTED
Update on your application at Nvidia,We appreciate your interest in opportunities at Nvidia. Our team is reviewing applications and will contact you regarding next steps.,jobs.company.com,NOT_REJECTED
Update on your application at Snowflake,Thank you for your interest in joining Snowflake. We are in the process of reviewing candidate profiles and will reach out with updates.,recruiting.company.com,NOT_REJECTED
Airbnb — Application under review (Product Manager),Thank you for your interest in joining Airbnb. We are in the process of reviewing candidate profiles and will reach out with updates.,taleo.net,NOT_REJECTED
Meta: Interview process update,This message confirms receipt of your application for the QA Engineer role at Meta. We will follow up once the review process is complete.,workday.com,NOT_REJECTED
Uber: Interview process update,We appreciate your interest in opportunities at Uber. Our team is reviewing applications and will contact you regarding next steps.,recruiting.company.com,NOT_REJECTED
Notion — Application under review (Backend Engineer),We are in the process of coordinating interviews for this role. You will be contacted if your profile is shortlisted.,myworkday.com,NOT_REJECTED
Cisco — Application under review (Data Analyst),We are in the process of coordinating interviews for this role. You will be contacted if your profile is shortlisted.,recruiting.company.com,NOT_REJECTED
DoorDash — Thank you for applying,We appreciate your interest in opportunities at DoorDash. Our team is reviewing applications and will contact you regarding next steps.,lever.co,NOT_REJECTED
ServiceNow: Interview process update,We are in the process of coordinating interviews for this role. You will be contacted if your profile is shortlisted.,myworkday.com,NOT_REJECTED
Update on your application at Stripe,We are in the process of coordinating interviews for this role. You will be contacted if your profile is shortlisted.,successfactors.com,NOT_REJECTED
Update on your application at Palantir,Thank you for your interest in joining Palantir. We are in the process of reviewing candidate profiles and will reach out with updates.,icims.com,NOT_REJECTED
Figma: Interview process update,This message confirms receipt of your application for the Full‑Stack Engineer role at Figma. We will follow up once the review process is complete.,lever.co,NOT_REJECTED
Snowflake Careers — QA Engineer,Your application for QA Engineer at Snowflake is currently being evaluated. No action is required from you at this time.,jobs.company.com,NOT_REJECTED
Netflix — Thank you for applying,Your application is under consideration. We appreciate your patience as we complete our review process.,myworkday.com,NOT_REJECTED
Shopify — Assessment instructions,"We are continuing to review applications for the Full‑Stack Engineer position. If selected, a member of our recruiting team will contact you.",lever.co,NOT_REJECTED
Airbnb — Application under review (Full‑Stack Engineer),We are in the process of coordinating interviews for this role. You will be contacted if your profile is shortlisted.,noreply.workday.com,NOT_REJECTED
VMware Careers — QA Engineer,Your application for QA Engineer at VMware is currently being evaluated. No action is required from you at this time.,noreply.workday.com,NOT_REJECTED
Nvidia — Interview scheduling request,Thank you for applying for the Frontend Engineer position at Nvidia. Your application has been received and is currently under review by our hiring team.,jobs.company.com,NOT_REJECTED
Application received — DoorDash,Thank you for your interest in joining DoorDash. We are in the process of reviewing candidate profiles and will reach out with updates.,jobs.company.com,NOT_REJECTED
Intuit: Interview process update,Thank you for applying to Intuit. We are reviewing submissions and will provide updates as the process progresses.,taleo.net,NOT_REJECTED
Salesforce Recruiting — Next steps,Thank you for applying for the QA Engineer position at Salesforce. Your application has been received and is currently under review by our hiring team.,greenhouse.io,NOT_REJECTED
Snowflake — Thank you for applying,Your application for Applied Scientist at Snowflake is currently being evaluated. No action is required from you at this time.,notifications.lever.co,NOT_REJECTED
Snowflake Careers — Site Reliability Engineer,Your application is under consideration. We appreciate your patience as we complete our review process.,taleo.net,NOT_REJECTED
Databricks — Assessment instructions,We are in the process of coordinating interviews for this role. You will be contacted if your profile is shortlisted.,greenhouse.io,NOT_REJECTED
Your application with Amazon,Thank you for applying to Amazon. We are reviewing submissions and will provide updates as the process progresses.,lever.co,NOT_REJECTED
Twilio Careers — Security Engineer,We appreciate your interest in opportunities at Twilio. Our team is reviewing applications and will contact you regarding next steps.,icims.com,NOT_REJECTED
Bloomberg — Application under review (Full‑Stack Engineer),Thank you for applying to Bloomberg. We are reviewing submissions and will provide updates as the process progresses.,notifications.lever.co,NOT_REJECTED
Application received — Bloomberg,This is an update regarding your application at Bloomberg. The hiring team is still reviewing candidates.,lever.co,NOT_REJECTED
Palantir Recruiting — Next steps,"We are continuing to review applications for the QA Engineer position. If selected, a member of our recruiting team will contact you.",careers.company.com,NOT_REJECTED
Shopify — Thank you for applying,We are in the process of coordinating interviews for this role. You will be contacted if your profile is shortlisted.,careers.company.com,NOT_REJECTED
Microsoft — Application under review (Site Reliability Engineer),"We are continuing to review applications for the Site Reliability Engineer position. If selected, a member of our recruiting team will contact you.",notifications.lever.co,NOT_REJECTED
Okta — Thank you for applying,Your application is under consideration. We appreciate your patience as we complete our review process.,lever.co,NOT_REJECTED
Update on your application at Uber,Your application for ML Engineer at Uber is currently being evaluated. No action is required from you at this time.,icims.com,NOT_REJECTED
Application received — Netflix,Your application for Solutions Engineer at Netflix is currently being evaluated. No action is required from you at this time.,successfactors.com,NOT_REJECTED
Nvidia — Assessment instructions,We appreciate your interest in opportunities at Nvidia. Our team is reviewing applications and will contact you regarding next steps.,successfactors.com,NOT_REJECTED
Apple — Application under review (Data Scientist),Thank you for applying to Apple. We are reviewing submissions and will provide updates as the process progresses.,noreply.workday.com,NOT_REJECTED
Your application with Bloomberg,We appreciate your interest in opportunities at Bloomberg. Our team is reviewing applications and will contact you regarding next steps.,jobs.company.com,NOT_REJECTED
DoorDash — Assessment instructions,Your application is under consideration. We appreciate your patience as we complete our review process.,workday.com,NOT_REJECTED
Coinbase — Assessment instructions,We appreciate your interest in opportunities at Coinbase. Our team is reviewing applications and will contact you regarding next steps.,taleo.net,NOT_REJECTED
Airbnb Recruiting — Next steps,Thank you for your interest in joining Airbnb. We are in the process of reviewing candidate profiles and will reach out with updates.,recruiting.company.com,NOT_REJECTED
LinkedIn: Interview process update,Thank you for applying for the Software Engineer position at LinkedIn. Your application has been received and is currently under review by our hiring team.,recruiting.company.com,NOT_REJECTED
Databricks — Interview scheduling request,Thank you for applying to Databricks. We are reviewing submissions and will provide updates as the process progresses.,careers.company.com,NOT_REJECTED
Zoom: Interview process update,Your application is under consideration. We appreciate your patience as we complete our review process.,recruiting.company.com,NOT_REJECTED
Adobe Recruiting — Next steps,Your application is under consideration. We appreciate your patience as we complete our review process.,careers.company.com,NOT_REJECTED
Meta — Interview scheduling request,We appreciate your interest in opportunities at Meta. Our team is reviewing applications and will contact you regarding next steps.,smartrecruiters.com,NOT_REJECTED
Application received — Zoom,"We are continuing to review applications for the Solutions Engineer position. If selected, a member of our recruiting team will contact you.",smartrecruiters.com,NOT_REJECTED
Databricks — Interview scheduling request,This message confirms receipt of your application for the Site Reliability Engineer role at Databricks. We will follow up once the review process is complete.,notifications.lever.co,NOT_REJECTED
Oracle Careers — Solutions Engineer,Thank you for applying to Oracle. We are reviewing submissions and will provide updates as the process progresses.,icims.com,NOT_REJECTED
Your application with Figma,Thank you for applying for the Frontend Engineer position at Figma. Your application has been received and is currently under review by our hiring team.,careers.company.com,NOT_REJECTED
Adobe Careers — Solutions Engineer,Thank you for applying for the Solutions Engineer position at Adobe. Your application has been received and is currently under review by our hiring team.,recruiting.company.com,NOT_REJECTED
Meta — Assessment instructions,We are in the process of coordinating interviews for this role. You will be contacted if your profile is shortlisted.,successfactors.com,NOT_REJECTED
Application received — Nvidia,We appreciate your interest in opportunities at Nvidia. Our team is reviewing applications and will contact you regarding next steps.,successfactors.com,NOT_REJECTED
Oracle Careers — Solutions Engineer,"We are continuing to review applications for the Solutions Engineer position. If selected, a member of our recruiting team will contact you.",icims.com,NOT_REJECTED
Meta: Interview process update,"We are continuing to review applications for the Full‑Stack Engineer position. If selected, a member of our recruiting team will contact you.",workday.com,NOT_REJECTED
Cisco — Thank you for applying,Your application is under consideration. We appreciate your patience as we complete our review process.,workday.com,NOT_REJECTED
Databricks — Application under review (Applied Scientist),This is an update regarding your application at Databricks. The hiring team is still reviewing candidates.,lever.co,NOT_REJECTED
Zoom — Application under review (Software Engineer),This message confirms receipt of your application for the Software Engineer role at Zoom. We will follow up once the review process is complete.,taleo.net,NOT_REJECTED
Google — Interview scheduling request,Thank you for your interest in joining Google. We are in the process of reviewing candidate profiles and will reach out with updates.,careers.company.com,NOT_REJECTED
Palantir — Thank you for applying,This message confirms receipt of your application for the Solutions Engineer role at Palantir. We will follow up once the review process is complete.,taleo.net,NOT_REJECTED
Salesforce — Interview scheduling request,This message confirms receipt of your application for the Full‑Stack Engineer role at Salesforce. We will follow up once the review process is complete.,noreply.workday.com,NOT_REJECTED
LinkedIn — Thank you for applying,"We are continuing to review applications for the QA Engineer position. If selected, a member of our recruiting team will contact you.",successfactors.com,NOT_REJECTED
Update on your application at Netflix,We appreciate your interest in opportunities at Netflix. Our team is reviewing applications and will contact you regarding next steps.,careers.company.com,NOT_REJECTED
Uber Recruiting — Next steps,Thank you for applying to Uber. We are reviewing submissions and will provide updates as the process progresses.,notifications.lever.co,NOT_REJECTED
Microsoft — Application under review (Product Manager),Thank you for applying for the Product Manager position at Microsoft. Your application has been received and is currently under review by our hiring team.,greenhouse.io,NOT_REJECTED
Your application with Databricks,Your application for DevOps Engineer at Databricks is currently being evaluated. No action is required from you at this time.,taleo.net,NOT_REJECTED
Update on your application at LinkedIn,Thank you for applying for the Backend Engineer position at LinkedIn. Your application has been received and is currently under review by our hiring team.,myworkday.com,NOT_REJECTED
Palantir Recruiting — Next steps,We are in the process of coordinating interviews for this role. You will be contacted if your profile is shortlisted.,careers.company.com,NOT_REJECTED
Netflix — Interview scheduling request,Thank you for applying to Netflix. We are reviewing submissions and will provide updates as the process progresses.,noreply.workday.com,NOT_REJECTED
Microsoft — Application under review (Applied Scientist),Your application for Applied Scientist at Microsoft is currently being evaluated. No action is required from you at this time.,careers.company.com,NOT_REJECTED
Okta — Assessment instructions,This is an update regarding your application at Okta. The hiring team is still reviewing candidates.,notifications.lever.co,NOT_REJECTED
Figma: Interview process update,We appreciate your interest in opportunities at Figma. Our team is reviewing applications and will contact you regarding next steps.,noreply.workday.com,NOT_REJECTED
Update on your application at Cisco,Thank you for applying to Cisco. We are reviewing submissions and will provide updates as the process progresses.,myworkday.com,NOT_REJECTED
Google — Interview scheduling request,Your application is under consideration. We appreciate your patience as we complete our review process.,greenhouse.io,NOT_REJECTED
Palantir — Application under review (Product Manager),"We are continuing to review applications for the Product Manager position. If selected, a member of our recruiting team will contact you.",icims.com,NOT_REJECTED
Application received — VMware,Your application is under consideration. We appreciate your patience as we complete our review process.,myworkday.com,NOT_REJECTED
Databricks — Thank you for applying,Your application for DevOps Engineer at Databricks is currently being evaluated. No action is required from you at this time.,taleo.net,NOT_REJECTED
Your application with Uber,Thank you for applying for the Backend Engineer position at Uber. Your application has been received and is currently under review by our hiring team.,recruiting.company.com,NOT_REJECTED
Twilio — Application under review (Site Reliability Engineer),Your application for Site Reliability Engineer at Twilio is currently being evaluated. No action is required from you at this time.,successfactors.com,NOT_REJECTED
Update on your application at Coinbase,Your application for Site Reliability Engineer at Coinbase is currently being evaluated. No action is required from you at this time.,taleo.net,NOT_REJECTED
Microsoft Recruiting — Next steps,Thank you for applying to Microsoft. We are reviewing submissions and will provide updates as the process progresses.,noreply.workday.com,NOT_REJECTED
Salesforce — Thank you for applying,Your application for Data Analyst at Salesforce is currently being evaluated. No action is required from you at this time.,successfactors.com,NOT_REJECTED
Uber Careers — Data Analyst,Your application for Data Analyst at Uber is currently being evaluated. No action is required from you at this time.,recruiting.company.com,NOT_REJECTED
Update on your application at Twilio,We are in the process of coordinating interviews for this role. You will be contacted if your profile is shortlisted.,lever.co,NOT_REJECTED
Atlassian — Interview scheduling request,Your application for ML Engineer at Atlassian is currently being evaluated. No action is required from you at this time.,smartrecruiters.com,NOT_REJECTED
Application received — Shopify,This message confirms receipt of your application for the Software Engineer role at Shopify. We will follow up once the review process is complete.,smartrecruiters.com,NOT_REJECTED
LinkedIn Careers — Full‑Stack Engineer,Thank you for applying for the Full‑Stack Engineer position at LinkedIn. Your application has been received and is currently under review by our hiring team.,careers.company.com,NOT_REJECTED
Databricks — Application under review (QA Engineer),This is an update regarding your application at Databricks. The hiring team is still reviewing candidates.,successfactors.com,NOT_REJECTED
Application received — Netflix,"We are continuing to review applications for the Solutions Engineer position. If selected, a member of our recruiting team will contact you.",successfactors.com,NOT_REJECTED
Google Recruiting — Next steps,Your application for Full‑Stack Engineer at Google is currently being evaluated. No action is required from you at this time.,lever.co,NOT_REJECTED
Application received — Uber,Thank you for applying for the QA Engineer position at Uber. Your application has been received and is currently under review by our hiring team.,workday.com,NOT_REJECTED
Okta — Thank you for applying,We appreciate your interest in opportunities at Okta. Our team is reviewing applications and will contact you regarding next steps.,notifications.lever.co,NOT_REJECTED
Atlassian: Interview process update,Your application is under consideration. We appreciate your patience as we complete our review process.,successfactors.com,NOT_REJECTED
Atlassian — Application under review (Solutions Engineer),"We are continuing to review applications for the Solutions Engineer position. If selected, a member of our recruiting team will contact you.",careers.company.com,NOT_REJECTED
Okta Recruiting — Next steps,We appreciate your interest in opportunities at Okta. Our team is reviewing applications and will contact you regarding next steps.,notifications.lever.co,NOT_REJECTED
Application received — Shopify,Thank you for applying to Shopify. We are reviewing submissions and will provide updates as the process progresses.,jobs.company.com,NOT_REJECTED
LinkedIn — Assessment instructions,We appreciate your interest in opportunities at LinkedIn. Our team is reviewing applications and will contact you regarding next steps.,lever.co,NOT_REJECTED
Update on your application at Uber,Your application for Solutions Engineer at Uber is currently being evaluated. No action is required from you at this time.,greenhouse.io,NOT_REJECTED
Application received — ServiceNow,"We are continuing to review applications for the Frontend Engineer position. If selected, a member of our recruiting team will contact you.",workday.com,NOT_REJECTED
LinkedIn — Application under review (Data Scientist),Your application is under consideration. We appreciate your patience as we complete our review process.,notifications.lever.co,NOT_REJECTED
Notion — Thank you for applying,Thank you for applying for the Site Reliability Engineer position at Notion. Your application has been received and is currently under review by our hiring team.,lever.co,NOT_REJECTED
Bloomberg — Assessment instructions,We appreciate your interest in opportunities at Bloomberg. Our team is reviewing applications and will contact you regarding next steps.,successfactors.com,NOT_REJECTED
Bloomberg — Application under review (Security Engineer),We appreciate your interest in opportunities at Bloomberg. Our team is reviewing applications and will contact you regarding next steps.,notifications.lever.co,NOT_REJECTED
Your application with Okta,Thank you for applying for the Frontend Engineer position at Okta. Your application has been received and is currently under review by our hiring team.,noreply.workday.com,NOT_REJECTED
Atlassian — Thank you for applying,"We are continuing to review applications for the Full‑Stack Engineer position. If selected, a member of our recruiting team will contact you.",workday.com,NOT_REJECTED
Cisco — Interview scheduling request,We appreciate your interest in opportunities at Cisco. Our team is reviewing applications and will contact you regarding next steps.,smartrecruiters.com,NOT_REJECTED
VMware — Assessment instructions,Thank you for your interest in joining VMware. We are in the process of reviewing candidate profiles and will reach out with updates.,icims.com,NOT_REJECTED
Figma — Interview scheduling request,This is an update regarding your application at Figma. The hiring team is still reviewing candidates.,noreply.workday.com,NOT_REJECTED
Microsoft Careers — Data Scientist,This message confirms receipt of your application for the Data Scientist role at Microsoft. We will follow up once the review process is complete.,workday.com,NOT_REJECTED
Salesforce: Interview process update,This message confirms receipt of your application for the Applied Scientist role at Salesforce. We will follow up once the review process is complete.,greenhouse.io,NOT_REJECTED
Netflix — Assessment instructions,Your application is under consideration. We appreciate your patience as we complete our review process.,workday.com,NOT_REJECTED
Google — Interview scheduling request,Your application for Full‑Stack Engineer at Google is currently being evaluated. No action is required from you at this time.,notifications.lever.co,NOT_REJECTED
Airbnb — Assessment instructions,We are in the process of coordinating interviews for this role. You will be contacted if your profile is shortlisted.,careers.company.com,NOT_REJECTED
Application received — Palantir,"We are continuing to review applications for the Data Scientist position. If selected, a member of our recruiting team will contact you.",careers.company.com,NOT_REJECTED
VMware: Interview process update,"We are continuing to review applications for the Data Scientist position. If selected, a member of our recruiting team will contact you.",smartrecruiters.com,NOT_REJECTED
Figma Careers — Product Manager,We appreciate your interest in opportunities at Figma. Our team is reviewing applications and will contact you regarding next steps.,noreply.workday.com,NOT_REJECTED
Your application with Palantir,Thank you for applying for the ML Engineer position at Palantir. Your application has been received and is currently under review by our hiring team.,icims.com,NOT_REJECTED
Application received — Google,"We are continuing to review applications for the Solutions Engineer position. If selected, a member of our recruiting team will contact you.",notifications.lever.co,NOT_REJECTED
Your application with Uber,This message confirms receipt of your application for the Data Analyst role at Uber. We will follow up once the review process is complete.,lever.co,NOT_REJECTED
Oracle Careers — Solutions Engineer,Thank you for applying to Oracle. We are reviewing submissions and will provide updates as the process progresses.,careers.company.com,NOT_REJECTED
Airbnb — Thank you for applying,This is an update regarding your application at Airbnb. The hiring team is still reviewing candidates.,careers.company.com,NOT_REJECTED
Update on your application at Snowflake,Your application is under consideration. We appreciate your patience as we complete our review process.,greenhouse.io,NOT_REJECTED
Databricks Careers — Product Manager,Your application is under consideration. We appreciate your patience as we complete our review process.,recruiting.company.com,NOT_REJECTED
Intuit — Assessment instructions,Your application is under consideration. We appreciate your patience as we complete our review process.,careers.company.com,NOT_REJECTED
Update on your application at Microsoft,"We are continuing to review applications for the Full‑Stack Engineer position. If selected, a member of our recruiting team will contact you.",myworkday.com,NOT_REJECTED
Zoom — Application under review (Solutions Engineer),Thank you for your interest in joining Zoom. We are in the process of reviewing candidate profiles and will reach out with updates.,icims.com,NOT_REJECTED
Adobe Recruiting — Next steps,We are in the process of coordinating interviews for this role. You will be contacted if your profile is shortlisted.,greenhouse.io,NOT_REJECTED
Bloomberg — Assessment instructions,Thank you for applying for the QA Engineer position at Bloomberg. Your application has been received and is currently under review by our hiring team.,notifications.lever.co,NOT_REJECTED
Coinbase Recruiting — Next steps,This is an update regarding your application at Coinbase. The hiring team is still reviewing candidates.,careers.company.com,NOT_REJECTED
Meta — Assessment instructions,This is an update regarding your application at Meta. The hiring team is still reviewing candidates.,greenhouse.io,NOT_REJECTED
Coinbase Careers — Applied Scientist,Your application for Applied Scientist at Coinbase is currently being evaluated. No action is required from you at this time.,smartrecruiters.com,NOT_REJECTED
Snowflake Careers — Product Manager,Thank you for applying for the Product Manager position at Snowflake. Your application has been received and is currently under review by our hiring team.,successfactors.com,NOT_REJECTED
Apple — Thank you for applying,We are in the process of coordinating interviews for this role. You will be contacted if your profile is shortlisted.,smartrecruiters.com,NOT_REJECTED
Your application with Okta,Thank you for your interest in joining Okta. We are in the process of reviewing candidate profiles and will reach out with updates.,greenhouse.io,NOT_REJECTED
Application received — Intuit,This is an update regarding your application at Intuit. The hiring team is still reviewing candidates.,recruiting.company.com,NOT_REJECTED
Bloomberg: Interview process update,Thank you for applying to Bloomberg. We are reviewing submissions and will provide updates as the process progresses.,jobs.company.com,NOT_REJECTED
Zoom: Interview process update,This message confirms receipt of your application for the Product Manager role at Zoom. We will follow up once the review process is complete.,taleo.net,NOT_REJECTED
Update on your application at VMware,This message confirms receipt of your application for the Security Engineer role at VMware. We will follow up once the review process is complete.,workday.com,NOT_REJECTED
Application received — Uber,This message confirms receipt of your application for the ML Engineer role at Uber. We will follow up once the review process is complete.,jobs.company.com,NOT_REJECTED
Uber — Interview scheduling request,Thank you for applying for the Data Analyst position at Uber. Your application has been received and is currently under review by our hiring team.,myworkday.com,NOT_REJECTED
Microsoft — Thank you for applying,This is an update regarding your application at Microsoft. The hiring team is still reviewing candidates.,careers.company.com,NOT_REJECTED
Update on your application at Meta,"We are continuing to review applications for the Solutions Engineer position. If selected, a member of our recruiting team will contact you.",greenhouse.io,NOT_REJECTED
DoorDash — Application under review (ML Engineer),We appreciate your interest in opportunities at DoorDash. Our team is reviewing applications and will contact you regarding next steps.,smartrecruiters.com,NOT_REJECTED
Salesforce — Interview scheduling request,This message confirms receipt of your application for the DevOps Engineer role at Salesforce. We will follow up once the review process is complete.,careers.company.com,NOT_REJECTED
Your application with Okta,Thank you for applying for the Software Engineer position at Okta. Your application has been received and is currently under review by our hiring team.,lever.co,NOT_REJECTED
Your application with Amazon,We are in the process of coordinating interviews for this role. You will be contacted if your profile is shortlisted.,noreply.workday.com,NOT_REJECTED
Microsoft: Interview process update,Your application for Product Manager at Microsoft is currently being evaluated. No action is required from you at this time.,taleo.net,NOT_REJECTED
Stripe — Application under review (Data Scientist),Your application for Data Scientist at Stripe is currently being evaluated. No action is required from you at this time.,successfactors.com,NOT_REJECTED
Nvidia — Interview scheduling request,Thank you for applying for the DevOps Engineer position at Nvidia. Your application has been received and is currently under review by our hiring team.,careers.company.com,NOT_REJECTED
Nvidia — Application under review (Security Engineer),Your application for Security Engineer at Nvidia is currently being evaluated. No action is required from you at this time.,greenhouse.io,NOT_REJECTED
DoorDash — Thank you for applying,This message confirms receipt of your application for the ML Engineer role at DoorDash. We will follow up once the review process is complete.,notifications.lever.co,NOT_REJECTED
Amazon — Assessment instructions,This is an update regarding your application at Amazon. The hiring team is still reviewing candidates.,greenhouse.io,NOT_REJECTED
Application received — Bloomberg,Your application is under consideration. We appreciate your patience as we complete our review process.,recruiting.company.com,NOT_REJECTED
Uber Recruiting — Next steps,Thank you for applying for the Security Engineer position at Uber. Your application has been received and is currently under review by our hiring team.,recruiting.company.com,NOT_REJECTED
Shopify Careers — Security Engineer,"We are continuing to review applications for the Security Engineer position. If selected, a member of our recruiting team will contact you.",noreply.workday.com,NOT_REJECTED
Your application with Bloomberg,Thank you for applying for the Product Manager position at Bloomberg. Your application has been received and is currently under review by our hiring team.,smartrecruiters.com,NOT_REJECTED
Application received — LinkedIn,We appreciate your interest in opportunities at LinkedIn. Our team is reviewing applications and will contact you regarding next steps.,successfactors.com,NOT_REJECTED
Uber — Assessment instructions,This message confirms receipt of your application for the Software Engineer role at Uber. We will follow up once the review process is complete.,notifications.lever.co,NOT_REJECTED
Apple Careers — Solutions Engineer,Thank you for your interest in joining Apple. We are in the process of reviewing candidate profiles and will reach out with updates.,icims.com,NOT_REJECTED
Your application with Cisco,We appreciate your interest in opportunities at Cisco. Our team is reviewing applications and will contact you regarding next steps.,workday.com,NOT_REJECTED
Update on your application at Apple,We are in the process of coordinating interviews for this role. You will be contacted if your profile is shortlisted.,icims.com,NOT_REJECTED
DoorDash Careers — DevOps Engineer,Your application for DevOps Engineer at DoorDash is currently being evaluated. No action is required from you at this time.,smartrecruiters.com,NOT_REJECTED
Application received — Tesla,Your application is under consideration. We appreciate your patience as we complete our review process.,recruiting.company.com,NOT_REJECTED
Netflix Careers — Security Engineer,This message confirms receipt of your application for the Security Engineer role at Netflix. We will follow up once the review process is complete.,noreply.workday.com,NOT_REJECTED
Intuit — Application under review (DevOps Engineer),We are in the process of coordinating interviews for this role. You will be contacted if your profile is shortlisted.,smartrecruiters.com,NOT_REJECTED
ServiceNow: Interview process update,Thank you for applying to ServiceNow. We are reviewing submissions and will provide updates as the process progresses.,recruiting.company.com,NOT_REJECTED
Cisco: Interview process update,This is an update regarding your application at Cisco. The hiring team is still reviewing candidates.,noreply.workday.com,NOT_REJECTED
Microsoft Recruiting — Next steps,This message confirms receipt of your application for the Solutions Engineer role at Microsoft. We will follow up once the review process is complete.,myworkday.com,NOT_REJECTED
DoorDash — Interview scheduling request,This message confirms receipt of your application for the Security Engineer role at DoorDash. We will follow up once the review process is complete.,careers.company.com,NOT_REJECTED
Stripe: Interview process update,This is an update regarding your application at Stripe. The hiring team is still reviewing candidates.,taleo.net,NOT_REJECTED
Notion — Application under review (ML Engineer),Thank you for your interest in joining Notion. We are in the process of reviewing candidate profiles and will reach out with updates.,myworkday.com,NOT_REJECTED
Salesforce — Application under review (Full‑Stack Engineer),Thank you for applying to Salesforce. We are reviewing submissions and will provide updates as the process progresses.,myworkday.com,NOT_REJECTED
Amazon — Assessment instructions,Thank you for your interest in joining Amazon. We are in the process of reviewing candidate profiles and will reach out with updates.,myworkday.com,NOT_REJECTED
Application received — Google,This is an update regarding your application at Google. The hiring team is still reviewing candidates.,careers.company.com,NOT_REJECTED
Bloomberg — Interview scheduling request,"We are continuing to review applications for the Data Analyst position. If selected, a member of our recruiting team will contact you.",lever.co,NOT_REJECTED
Application received — Oracle,This message confirms receipt of your application for the Data Scientist role at Oracle. We will follow up once the review process is complete.,successfactors.com,NOT_REJECTED
Microsoft Careers — Data Analyst,"We are continuing to review applications for the Data Analyst position. If selected, a member of our recruiting team will contact you.",lever.co,NOT_REJECTED
Notion — Application under review (ML Engineer),Your application is under consideration. We appreciate your patience as we complete our review process.,careers.company.com,NOT_REJECTED
Update on your application at Apple,Thank you for your interest in joining Apple. We are in the process of reviewing candidate profiles and will reach out with updates.,smartrecruiters.com,NOT_REJECTED
Application received — Airbnb,We are in the process of coordinating interviews for this role. You will be contacted if your profile is shortlisted.,smartrecruiters.com,NOT_REJECTED
Adobe — Interview scheduling request,We are in the process of coordinating interviews for this role. You will be contacted if your profile is shortlisted.,taleo.net,NOT_REJECTED
Intuit — Assessment instructions,Thank you for your interest in joining Intuit. We are in the process of reviewing candidate profiles and will reach out with updates.,lever.co,NOT_REJECTED
Amazon Careers — Backend Engineer,This is an update regarding your application at Amazon. The hiring team is still reviewing candidates.,notifications.lever.co,NOT_REJECTED
Airbnb — Assessment instructions,Thank you for applying for the QA Engineer position at Airbnb. Your application has been received and is currently under review by our hiring team.,careers.company.com,NOT_REJECTED
Airbnb — Thank you for applying,Thank you for applying for the ML Engineer position at Airbnb. Your application has been received and is currently under review by our hiring team.,noreply.workday.com,NOT_REJECTED
ServiceNow: Interview process update,Thank you for applying for the ML Engineer position at ServiceNow. Your application has been received and is currently under review by our hiring team.,careers.company.com,NOT_REJECTED
Amazon: Interview process update,Your application is under consideration. We appreciate your patience as we complete our review process.,smartrecruiters.com,NOT_REJECTED
Netflix Recruiting — Next steps,Your application for Applied Scientist at Netflix is currently being evaluated. No action is required from you at this time.,smartrecruiters.com,NOT_REJECTED
Palantir — Interview scheduling request,Thank you for your interest in joining Palantir. We are in the process of reviewing candidate profiles and will reach out with updates.,myworkday.com,NOT_REJECTED
Adobe — Interview scheduling request,We are in the process of coordinating interviews for this role. You will be contacted if your profile is shortlisted.,lever.co,NOT_REJECTED
Notion — Application under review (Applied Scientist),This message confirms receipt of your application for the Applied Scientist role at Notion. We will follow up once the review process is complete.,successfactors.com,NOT_REJECTED
ServiceNow — Application under review (Full‑Stack Engineer),Thank you for your interest in joining ServiceNow. We are in the process of reviewing candidate profiles and will reach out with updates.,notifications.lever.co,NOT_REJECTED
Google — Interview scheduling request,Your application is under consideration. We appreciate your patience as we complete our review process.,notifications.lever.co,NOT_REJECTED
Oracle — Assessment instructions,Your application is under consideration. We appreciate your patience as we complete our review process.,noreply.workday.com,NOT_REJECTED
Palantir: Interview process update,Thank you for applying for the Solutions Engineer position at Palantir. Your application has been received and is currently under review by our hiring team.,notifications.lever.co,NOT_REJECTED
Meta Careers — Software Engineer,We are in the process of coordinating interviews for this role. You will be contacted if your profile is shortlisted.,successfactors.com,NOT_REJECTED
Update on your application at Stripe,Your application is under consideration. We appreciate your patience as we complete our review process.,smartrecruiters.com,NOT_REJECTED
Twilio — Interview scheduling request,Thank you for your interest in joining Twilio. We are in the process of reviewing candidate profiles and will reach out with updates.,workday.com,NOT_REJECTED
Uber Careers — DevOps Engineer,"We are continuing to review applications for the DevOps Engineer position. If selected, a member of our recruiting team will contact you.",notifications.lever.co,NOT_REJECTED
ServiceNow Recruiting — Next steps,Your application is under consideration. We appreciate your patience as we complete our review process.,smartrecruiters.com,NOT_REJECTED
Application received — Figma,"We are continuing to review applications for the DevOps Engineer position. If selected, a member of our recruiting team will contact you.",careers.company.com,NOT_REJECTED
Update on your application at Databricks,Thank you for your interest in joining Databricks. We are in the process of reviewing candidate profiles and will reach out with updates.,icims.com,NOT_REJECTED
LinkedIn — Thank you for applying,Thank you for applying for the ML Engineer position at LinkedIn. Your application has been received and is currently under review by our hiring team.,recruiting.company.com,NOT_REJECTED
Your application with DoorDash,This is an update regarding your application at DoorDash. The hiring team is still reviewing candidates.,taleo.net,NOT_REJECTED
Application received — Google,We are in the process of coordinating interviews for this role. You will be contacted if your profile is shortlisted.,smartrecruiters.com,NOT_REJECTED
Microsoft — Thank you for applying,Your application for DevOps Engineer at Microsoft is currently being evaluated. No action is required from you at this time.,noreply.workday.com,NOT_REJECTED
Palantir — Assessment instructions,Your application for Full‑Stack Engineer at Palantir is currently being evaluated. No action is required from you at this time.,icims.com,NOT_REJECTED
Apple Recruiting — Next steps,Your application is under consideration. We appreciate your patience as we complete our review process.,smartrecruiters.com,NOT_REJECTED
Salesforce Recruiting — Next steps,We appreciate your interest in opportunities at Salesforce. Our team is reviewing applications and will contact you regarding next steps.,noreply.workday.com,NOT_REJECTED
Nvidia — Thank you for applying,We appreciate your interest in opportunities at Nvidia. Our team is reviewing applications and will contact you regarding next steps.,greenhouse.io,NOT_REJECTED
Airbnb — Interview scheduling request,We are in the process of coordinating interviews for this role. You will be contacted if your profile is shortlisted.,taleo.net,NOT_REJECTED
Oracle Recruiting — Next steps,Thank you for your interest in joining Oracle. We are in the process of reviewing candidate profiles and will reach out with updates.,notifications.lever.co,NOT_REJECTED
Okta: Interview process update,This is an update regarding your application at Okta. The hiring team is still reviewing candidates.,notifications.lever.co,NOT_REJECTED
Google — Application under review (Full‑Stack Engineer),Your application is under consideration. We appreciate your patience as we complete our review process.,greenhouse.io,NOT_REJECTED
Coinbase: Interview process update,Thank you for your interest in joining Coinbase. We are in the process of reviewing candidate profiles and will reach out with updates.,careers.company.com,NOT_REJECTED
Meta — Thank you for applying,This message confirms receipt of your application for the Data Scientist role at Meta. We will follow up once the review process is complete.,workday.com,NOT_REJECTED
Shopify Careers — Software Engineer,We appreciate your interest in opportunities at Shopify. Our team is reviewing applications and will contact you regarding next steps.,noreply.workday.com,NOT_REJECTED
Palantir: Interview process update,Your application is under consideration. We appreciate your patience as we complete our review process.,successfactors.com,NOT_REJECTED
Your application with Intuit,Thank you for applying for the Site Reliability Engineer position at Intuit. Your application has been received and is currently under review by our hiring team.,jobs.company.com,NOT_REJECTED
Apple Recruiting — Next steps,This is an update regarding your application at Apple. The hiring team is still reviewing candidates.,workday.com,NOT_REJECTED
Google Careers — Software Engineer,Thank you for applying for the Software Engineer position at Google. Your application has been received and is currently under review by our hiring team.,recruiting.company.com,NOT_REJECTED
LinkedIn — Thank you for applying,This message confirms receipt of your application for the ML Engineer role at LinkedIn. We will follow up once the review process is complete.,jobs.company.com,NOT_REJECTED
Nvidia: Interview process update,We are in the process of coordinating interviews for this role. You will be contacted if your profile is shortlisted.,smartrecruiters.com,NOT_REJECTED
Okta: Interview process update,We are in the process of coordinating interviews for this role. You will be contacted if your profile is shortlisted.,lever.co,NOT_REJECTED
VMware: Interview process update,Thank you for applying to VMware. We are reviewing submissions and will provide updates as the process progresses.,taleo.net,NOT_REJECTED
Nvidia Recruiting — Next steps,"We are continuing to review applications for the Software Engineer position. If selected, a member of our recruiting team will contact you.",workday.com,NOT_REJECTED
Bloomberg Careers — Data Scientist,Thank you for your interest in joining Bloomberg. We are in the process of reviewing candidate profiles and will reach out with updates.,workday.com,NOT_REJECTED
Update on your application at DoorDash,Thank you for applying for the Data Scientist position at DoorDash. Your application has been received and is currently under review by our hiring team.,smartrecruiters.com,NOT_REJECTED
Adobe — Thank you for applying,This is an update regarding your application at Adobe. The hiring team is still reviewing candidates.,recruiting.company.com,NOT_REJECTED
Intuit — Assessment instructions,Thank you for applying to Intuit. We are reviewing submissions and will provide updates as the process progresses.,icims.com,NOT_REJECTED
Zoom — Thank you for applying,Thank you for applying for the Data Scientist position at Zoom. Your application has been received and is currently under review by our hiring team.,greenhouse.io,NOT_REJECTED
Microsoft — Application under review (Product Manager),Your application for Product Manager at Microsoft is currently being evaluated. No action is required from you at this time.,taleo.net,NOT_REJECTED
Your application with Okta,"We are continuing to review applications for the Full‑Stack Engineer position. If selected, a member of our recruiting team will contact you.",jobs.company.com,NOT_REJECTED
Update on your application at Apple,Thank you for your interest in joining Apple. We are in the process of reviewing candidate profiles and will reach out with updates.,noreply.workday.com,NOT_REJECTED
Application received — Tesla,"We are continuing to review applications for the Security Engineer position. If selected, a member of our recruiting team will contact you.",workday.com,NOT_REJECTED
Stripe — Thank you for applying,Thank you for applying to Stripe. We are reviewing submissions and will provide updates as the process progresses.,lever.co,NOT_REJECTED
Apple Careers — ML Engineer,This message confirms receipt of your application for the ML Engineer role at Apple. We will follow up once the review process is complete.,jobs.company.com,NOT_REJECTED
Stripe — Interview scheduling request,Thank you for applying for the Software Engineer position at Stripe. Your application has been received and is currently under review by our hiring team.,noreply.workday.com,NOT_REJECTED
Intuit — Application under review (Product Manager),This is an update regarding your application at Intuit. The hiring team is still reviewing candidates.,recruiting.company.com,NOT_REJECTED
Google Recruiting — Next steps,"We are continuing to review applications for the Software Engineer position. If selected, a member of our recruiting team will contact you.",greenhouse.io,NOT_REJECTED
LinkedIn: Interview process update,Thank you for applying for the Applied Scientist position at LinkedIn. Your application has been received and is currently under review by our hiring team.,greenhouse.io,NOT_REJECTED
Nvidia — Interview scheduling request,We are in the process of coordinating interviews for this role. You will be contacted if your profile is shortlisted.,jobs.company.com,NOT_REJECTED
Adobe — Assessment instructions,Thank you for applying for the Backend Engineer position at Adobe. Your application has been received and is currently under review by our hiring team.,taleo.net,NOT_REJECTED
Palantir — Application under review (Applied Scientist),Thank you for applying to Palantir. We are reviewing submissions and will provide updates as the process progresses.,recruiting.company.com,NOT_REJECTED
Shopify: Interview process update,Thank you for applying for the Solutions Engineer position at Shopify. Your application has been received and is currently under review by our hiring team.,noreply.workday.com,NOT_REJECTED
Your application with Stripe,This message confirms receipt of your application for the ML Engineer role at Stripe. We will follow up once the review process is complete.,notifications.lever.co,NOT_REJECTED
Application received — Intuit,Thank you for your interest in joining Intuit. We are in the process of reviewing candidate profiles and will reach out with updates.,taleo.net,NOT_REJECTED
Atlassian Careers — Applied Scientist,Thank you for applying to Atlassian. We are reviewing submissions and will provide updates as the process progresses.,taleo.net,NOT_REJECTED
Update on your application at Stripe,Thank you for applying to Stripe. We are reviewing submissions and will provide updates as the process progresses.,notifications.lever.co,NOT_REJECTED
Update on your application at Tesla,This message confirms receipt of your application for the Backend Engineer role at Tesla. We will follow up once the review process is complete.,recruiting.company.com,NOT_REJECTED
Adobe: Interview process update,Thank you for your interest in joining Adobe. We are in the process of reviewing candidate profiles and will reach out with updates.,taleo.net,NOT_REJECTED
Figma — Interview scheduling request,Thank you for applying for the Software Engineer position at Figma. Your application has been received and is currently under review by our hiring team.,careers.company.com,NOT_REJECTED
Meta — Application under review (Security Engineer),Your application is under consideration. We appreciate your patience as we complete our review process.,icims.com,NOT_REJECTED
LinkedIn Careers — Data Scientist,Your application for Data Scientist at LinkedIn is currently being evaluated. No action is required from you at this time.,lever.co,NOT_REJECTED
Twilio Careers — QA Engineer,This is an update regarding your application at Twilio. The hiring team is still reviewing candidates.,icims.com,NOT_REJECTED
Application received — Palantir,We are in the process of coordinating interviews for this role. You will be contacted if your profile is shortlisted.,notifications.lever.co,NOT_REJECTED
Update on your application at Palantir,Your application is under consideration. We appreciate your patience as we complete our review process.,workday.com,NOT_REJECTED
Airbnb Careers — DevOps Engineer,"We are continuing to review applications for the DevOps Engineer position. If selected, a member of our recruiting team will contact you.",taleo.net,NOT_REJECTED
Your application with Microsoft,Your application for Solutions Engineer at Microsoft is currently being evaluated. No action is required from you at this time.,jobs.company.com,NOT_REJECTED
Notion Careers — Site Reliability Engineer,"We are continuing to review applications for the Site Reliability Engineer position. If selected, a member of our recruiting team will contact you.",greenhouse.io,NOT_REJECTED
Palantir — Interview scheduling request,Your application for Software Engineer at Palantir is currently being evaluated. No action is required from you at this time.,recruiting.company.com,NOT_REJECTED
Netflix — Thank you for applying,Thank you for applying to Netflix. We are reviewing submissions and will provide updates as the process progresses.,noreply.workday.com,NOT_REJECTED
Your application with Uber,Thank you for applying to Uber. We are reviewing submissions and will provide updates as the process progresses.,careers.company.com,NOT_REJECTED
Bloomberg — Assessment instructions,Your application is under consideration. We appreciate your patience as we complete our review process.,notifications.lever.co,NOT_REJECTED
LinkedIn Careers — Backend Engineer,Thank you for applying for the Backend Engineer position at LinkedIn. Your application has been received and is currently under review by our hiring team.,myworkday.com,NOT_REJECTED
Update on your application at Netflix,Thank you for your interest in joining Netflix. We are in the process of reviewing candidate profiles and will reach out with updates.,successfactors.com,NOT_REJECTED
Amazon — Thank you for applying,Thank you for your interest in joining Amazon. We are in the process of reviewing candidate profiles and will reach out with updates.,lever.co,NOT_REJECTED
Nvidia — Assessment instructions,"We are continuing to review applications for the Backend Engineer position. If selected, a member of our recruiting team will contact you.",workday.com,NOT_REJECTED
Update on your application at Okta,This is an update regarding your application at Okta. The hiring team is still reviewing candidates.,greenhouse.io,NOT_REJECTED
ServiceNow Recruiting — Next steps,Thank you for applying to ServiceNow. We are reviewing submissions and will provide updates as the process progresses.,icims.com,NOT_REJECTED
VMware — Application under review (Applied Scientist),This message confirms receipt of your application for the Applied Scientist role at VMware. We will follow up once the review process is complete.,taleo.net,NOT_REJECTED
Application received — Oracle,We appreciate your interest in opportunities at Oracle. Our team is reviewing applications and will contact you regarding next steps.,recruiting.company.com,NOT_REJECTED
Your application with Figma,We appreciate your interest in opportunities at Figma. Our team is reviewing applications and will contact you regarding next steps.,taleo.net,NOT_REJECTED
Update on your application at Figma,We are in the process of coordinating interviews for this role. You will be contacted if your profile is shortlisted.,icims.com,NOT_REJECTED
Bloomberg — Assessment instructions,We appreciate your interest in opportunities at Bloomberg. Our team is reviewing applications and will contact you regarding next steps.,notifications.lever.co,NOT_REJECTED
Update on your application at Figma,Your application is under consideration. We appreciate your patience as we complete our review process.,recruiting.company.com,NOT_REJECTED
Meta Careers — DevOps Engineer,We are in the process of coordinating interviews for this role. You will be contacted if your profile is shortlisted.,taleo.net,NOT_REJECTED
Application received — Netflix,We appreciate your interest in opportunities at Netflix. Our team is reviewing applications and will contact you regarding next steps.,taleo.net,NOT_REJECTED
Update on your application at Meta,"We are continuing to review applications for the QA Engineer position. If selected, a member of our recruiting team will contact you.",icims.com,NOT_REJECTED
Airbnb Careers — Frontend Engineer,"We are continuing to review applications for the Frontend Engineer position. If selected, a member of our recruiting team will contact you.",workday.com,NOT_REJECTED
Your application with ServiceNow,We appreciate your interest in opportunities at ServiceNow. Our team is reviewing applications and will contact you regarding next steps.,myworkday.com,NOT_REJECTED
Databricks Careers — Data Analyst,Thank you for your interest in joining Databricks. We are in the process of reviewing candidate profiles and will reach out with updates.,recruiting.company.com,NOT_REJECTED
Update on your application at Twilio,This message confirms receipt of your application for the Solutions Engineer role at Twilio. We will follow up once the review process is complete.,jobs.company.com,NOT_REJECTED
Bloomberg — Thank you for applying,Your application is under consideration. We appreciate your patience as we complete our review process.,lever.co,NOT_REJECTED
Microsoft Recruiting — Next steps,Your application for Product Manager at Microsoft is currently being evaluated. No action is required from you at this time.,successfactors.com,NOT_REJECTED
Databricks — Thank you for applying,Thank you for applying to Databricks. We are reviewing submissions and will provide updates as the process progresses.,smartrecruiters.com,NOT_REJECTED
LinkedIn: Interview process update,"We are continuing to review applications for the Full‑Stack Engineer position. If selected, a member of our recruiting team will contact you.",icims.com,NOT_REJECTED
Application received — Oracle,Thank you for your interest in joining Oracle. We are in the process of reviewing candidate profiles and will reach out with updates.,noreply.workday.com,NOT_REJECTED
VMware Recruiting — Next steps,We are in the process of coordinating interviews for this role. You will be contacted if your profile is shortlisted.,smartrecruiters.com,NOT_REJECTED
Your application with Amazon,Your application is under consideration. We appreciate your patience as we complete our review process.,successfactors.com,NOT_REJECTED
Application received — Zoom,Thank you for your interest in joining Zoom. We are in the process of reviewing candidate profiles and will reach out with updates.,greenhouse.io,NOT_REJECTED
VMware Recruiting — Next steps,Your application is under consideration. We appreciate your patience as we complete our review process.,greenhouse.io,NOT_REJECTED
Uber Recruiting — Next steps,Thank you for applying to Uber. We are reviewing submissions and will provide updates as the process progresses.,jobs.company.com,NOT_REJECTED
Airbnb — Thank you for applying,This message confirms receipt of your application for the Site Reliability Engineer role at Airbnb. We will follow up once the review process is complete.,jobs.company.com,NOT_REJECTED
Adobe: Interview process update,Thank you for applying for the Full‑Stack Engineer position at Adobe. Your application has been received and is currently under review by our hiring team.,lever.co,NOT_REJECTED
Netflix Recruiting — Next steps,Thank you for your interest in joining Netflix. We are in the process of reviewing candidate profiles and will reach out with updates.,lever.co,NOT_REJECTED
Airbnb Recruiting — Next steps,Thank you for your interest in joining Airbnb. We are in the process of reviewing candidate profiles and will reach out with updates.,workday.com,NOT_REJECTED
Application received — Meta,Thank you for your interest in joining Meta. We are in the process of reviewing candidate profiles and will reach out with updates.,workday.com,NOT_REJECTED
Update on your application at Uber,Your application for Data Scientist at Uber is currently being evaluated. No action is required from you at this time.,greenhouse.io,NOT_REJECTED
Meta — Thank you for applying,Your application is under consideration. We appreciate your patience as we complete our review process.,workday.com,NOT_REJECTED
Cisco — Application under review (Security Engineer),This message confirms receipt of your application for the Security Engineer role at Cisco. We will follow up once the review process is complete.,notifications.lever.co,NOT_REJECTED
Application received — Google,"We are continuing to review applications for the Applied Scientist position. If selected, a member of our recruiting team will contact you.",workday.com,NOT_REJECTED
Application received — Coinbase,Your application for Security Engineer at Coinbase is currently being evaluated. No action is required from you at this time.,successfactors.com,NOT_REJECTED
Figma — Interview scheduling request,We are in the process of coordinating interviews for this role. You will be contacted if your profile is shortlisted.,smartrecruiters.com,NOT_REJECTED
Atlassian — Application under review (Solutions Engineer),Thank you for applying for the Solutions Engineer position at Atlassian. Your application has been received and is currently under review by our hiring team.,recruiting.company.com,NOT_REJECTED
Amazon Recruiting — Next steps,We appreciate your interest in opportunities at Amazon. Our team is reviewing applications and will contact you regarding next steps.,notifications.lever.co,NOT_REJECTED
Tesla — Thank you for applying,This message confirms receipt of your application for the ML Engineer role at Tesla. We will follow up once the review process is complete.,smartrecruiters.com,NOT_REJECTED
Intuit — Thank you for applying,Thank you for applying to Intuit. We are reviewing submissions and will provide updates as the process progresses.,workday.com,NOT_REJECTED
Your application with Atlassian,We are in the process of coordinating interviews for this role. You will be contacted if your profile is shortlisted.,successfactors.com,NOT_REJECTED
Application received — Salesforce,Thank you for your interest in joining Salesforce. We are in the process of reviewing candidate profiles and will reach out with updates.,workday.com,NOT_REJECTED
Your application with Intuit,Thank you for applying to Intuit. We are reviewing submissions and will provide updates as the process progresses.,smartrecruiters.com,NOT_REJECTED
Oracle Recruiting — Next steps,This is an update regarding your application at Oracle. The hiring team is still reviewing candidates.,greenhouse.io,NOT_REJECTED
Application received — Shopify,This is an update regarding your application at Shopify. The hiring team is still reviewing candidates.,recruiting.company.com,NOT_REJECTED
Update on your application at Cisco,We appreciate your interest in opportunities at Cisco. Our team is reviewing applications and will contact you regarding next steps.,myworkday.com,NOT_REJECTED
Application received — Twilio,We are in the process of coordinating interviews for this role. You will be contacted if your profile is shortlisted.,myworkday.com,NOT_REJECTED
DoorDash Careers — Product Manager,"We are continuing to review applications for the Product Manager position. If selected, a member of our recruiting team will contact you.",lever.co,NOT_REJECTED
Your application with Coinbase,We are in the process of coordinating interviews for this role. You will be contacted if your profile is shortlisted.,lever.co,NOT_REJECTED
Coinbase Recruiting — Next steps,Thank you for applying to Coinbase. We are reviewing submissions and will provide updates as the process progresses.,smartrecruiters.com,NOT_REJECTED
Your application with DoorDash,"We are continuing to review applications for the Data Analyst position. If selected, a member of our recruiting team will contact you.",workday.com,NOT_REJECTED
Figma — Interview scheduling request,This message confirms receipt of your application for the Software Engineer role at Figma. We will follow up once the review process is complete.,jobs.company.com,NOT_REJECTED
Okta — Thank you for applying,Your application for Solutions Engineer at Okta is currently being evaluated. No action is required from you at this time.,greenhouse.io,NOT_REJECTED
ServiceNow — Interview scheduling request,"We are continuing to review applications for the Site Reliability Engineer position. If selected, a member of our recruiting team will contact you.",greenhouse.io,NOT_REJECTED
Application received — Microsoft,Your application is under consideration. We appreciate your patience as we complete our review process.,workday.com,NOT_REJECTED
Update on your application at Shopify,This is an update regarding your application at Shopify. The hiring team is still reviewing candidates.,greenhouse.io,NOT_REJECTED
Intuit: Interview process update,Your application for Site Reliability Engineer at Intuit is currently being evaluated. No action is required from you at this time.,taleo.net,NOT_REJECTED
DoorDash — Thank you for applying,Thank you for applying to DoorDash. We are reviewing submissions and will provide updates as the process progresses.,jobs.company.com,NOT_REJECTED
Palantir — Interview scheduling request,This is an update regarding your application at Palantir. The hiring team is still reviewing candidates.,recruiting.company.com,NOT_REJECTED
Update on your application at Figma,Your application is under consideration. We appreciate your patience as we complete our review process.,careers.company.com,NOT_REJECTED
Uber — Interview scheduling request,Your application is under consideration. We appreciate your patience as we complete our review process.,taleo.net,NOT_REJECTED
Figma Careers — Site Reliability Engineer,This message confirms receipt of your application for the Site Reliability Engineer role at Figma. We will follow up once the review process is complete.,jobs.company.com,NOT_REJECTED
Palantir — Interview scheduling request,Your application is under consideration. We appreciate your patience as we complete our review process.,notifications.lever.co,NOT_REJECTED
Zoom — Assessment instructions,This is an update regarding your application at Zoom. The hiring team is still reviewing candidates.,myworkday.com,NOT_REJECTED
Uber: Interview process update,"We are continuing to review applications for the Site Reliability Engineer position. If selected, a member of our recruiting team will contact you.",icims.com,NOT_REJECTED
Cisco Careers — ML Engineer,Thank you for applying to Cisco. We are reviewing submissions and will provide updates as the process progresses.,noreply.workday.com,NOT_REJECTED
DoorDash — Thank you for applying,Thank you for your interest in joining DoorDash. We are in the process of reviewing candidate profiles and will reach out with updates.,myworkday.com,NOT_REJECTED
ServiceNow Careers — Applied Scientist,We are in the process of coordinating interviews for this role. You will be contacted if your profile is shortlisted.,jobs.company.com,NOT_REJECTED
DoorDash: Interview process update,This is an update regarding your application at DoorDash. The hiring team is still reviewing candidates.,careers.company.com,NOT_REJECTED
DoorDash Careers — Site Reliability Engineer,This message confirms receipt of your application for the Site Reliability Engineer role at DoorDash. We will follow up once the review process is complete.,taleo.net,NOT_REJECTED
Update on your application at Bloomberg,"We are continuing to review applications for the Frontend Engineer position. If selected, a member of our recruiting team will contact you.",jobs.company.com,NOT_REJECTED
Adobe — Application under review (Full‑Stack Engineer),Thank you for your interest in joining Adobe. We are in the process of reviewing candidate profiles and will reach out with updates.,workday.com,NOT_REJECTED
Your application with Twilio,We appreciate your interest in opportunities at Twilio. Our team is reviewing applications and will contact you regarding next steps.,greenhouse.io,NOT_REJECTED
Uber — Application under review (Security Engineer),Thank you for applying to Uber. We are reviewing submissions and will provide updates as the process progresses.,myworkday.com,NOT_REJECTED
Update on your application at ServiceNow,We appreciate your interest in opportunities at ServiceNow. Our team is reviewing applications and will contact you regarding next steps.,smartrecruiters.com,NOT_REJECTED
Adobe — Thank you for applying,This is an update regarding your application at Adobe. The hiring team is still reviewing candidates.,jobs.company.com,NOT_REJECTED
DoorDash — Thank you for applying,"We are continuing to review applications for the DevOps Engineer position. If selected, a member of our recruiting team will contact you.",noreply.workday.com,NOT_REJECTED
Application received — DoorDash,This message confirms receipt of your application for the Full‑Stack Engineer role at DoorDash. We will follow up once the review process is complete.,smartrecruiters.com,NOT_REJECTED
Your application with DoorDash,This is an update regarding your application at DoorDash. The hiring team is still reviewing candidates.,icims.com,NOT_REJECTED
Your application with Adobe,We appreciate your interest in opportunities at Adobe. Our team is reviewing applications and will contact you regarding next steps.,successfactors.com,NOT_REJECTED
Zoom — Interview scheduling request,Thank you for applying to Zoom. We are reviewing submissions and will provide updates as the process progresses.,notifications.lever.co,NOT_REJECTED
Update on your application at Bloomberg,We appreciate your interest in opportunities at Bloomberg. Our team is reviewing applications and will contact you regarding next steps.,taleo.net,NOT_REJECTED
Atlassian Recruiting — Next steps,Your application for DevOps Engineer at Atlassian is currently being evaluated. No action is required from you at this time.,smartrecruiters.com,NOT_REJECTED
Cisco: Interview process update,"We are continuing to review applications for the Software Engineer position. If selected, a member of our recruiting team will contact you.",lever.co,NOT_REJECTED
Databricks — Assessment instructions,We are in the process of coordinating interviews for this role. You will be contacted if your profile is shortlisted.,lever.co,NOT_REJECTED
ServiceNow — Thank you for applying,Your application is under consideration. We appreciate your patience as we complete our review process.,taleo.net,NOT_REJECTED
Update on your application at Notion,Thank you for applying to Notion. We are reviewing submissions and will provide updates as the process progresses.,smartrecruiters.com,NOT_REJECTED
Microsoft — Thank you for applying,This is an update regarding your application at Microsoft. The hiring team is still reviewing candidates.,smartrecruiters.com,NOT_REJECTED
Amazon Careers — Data Scientist,Your application is under consideration. We appreciate your patience as we complete our review process.,jobs.company.com,NOT_REJECTED
ServiceNow Recruiting — Next steps,Your application for Applied Scientist at ServiceNow is currently being evaluated. No action is required from you at this time.,myworkday.com,NOT_REJECTED
Nvidia Recruiting — Next steps,This message confirms receipt of your application for the Software Engineer role at Nvidia. We will follow up once the review process is complete.,icims.com,NOT_REJECTED
Amazon — Thank you for applying,This message confirms receipt of your application for the Full‑Stack Engineer role at Amazon. We will follow up once the review process is complete.,noreply.workday.com,NOT_REJECTED
Oracle — Thank you for applying,Your application for DevOps Engineer at Oracle is currently being evaluated. No action is required from you at this time.,workday.com,NOT_REJECTED
Your application with Palantir,This message confirms receipt of your application for the Full‑Stack Engineer role at Palantir. We will follow up once the review process is complete.,noreply.workday.com,NOT_REJECTED
Netflix — Application under review (Site Reliability Engineer),We are in the process of coordinating interviews for this role. You will be contacted if your profile is shortlisted.,careers.company.com,NOT_REJECTED
Shopify: Interview process update,We are in the process of coordinating interviews for this role. You will be contacted if your profile is shortlisted.,careers.company.com,NOT_REJECTED
Okta — Assessment instructions,We appreciate your interest in opportunities at Okta. Our team is reviewing applications and will contact you regarding next steps.,myworkday.com,NOT_REJECTED
Your application with Google,Your application is under consideration. We appreciate your patience as we complete our review process.,recruiting.company.com,NOT_REJECTED
Shopify: Interview process update,Thank you for applying to Shopify. We are reviewing submissions and will provide updates as the process progresses.,noreply.workday.com,NOT_REJECTED
Your application with Adobe,This message confirms receipt of your application for the Solutions Engineer role at Adobe. We will follow up once the review process is complete.,greenhouse.io,NOT_REJECTED
Intuit: Interview process update,Thank you for applying to Intuit. We are reviewing submissions and will provide updates as the process progresses.,workday.com,NOT_REJECTED
Application received — VMware,This is an update regarding your application at VMware. The hiring team is still reviewing candidates.,icims.com,NOT_REJECTED
Oracle Recruiting — Next steps,This is an update regarding your application at Oracle. The hiring team is still reviewing candidates.,recruiting.company.com,NOT_REJECTED
LinkedIn — Thank you for applying,Thank you for applying for the Frontend Engineer position at LinkedIn. Your application has been received and is currently under review by our hiring team.,myworkday.com,NOT_REJECTED
Amazon: Interview process update,Thank you for applying to Amazon. We are reviewing submissions and will provide updates as the process progresses.,greenhouse.io,NOT_REJECTED
Amazon Recruiting — Next steps,"We are continuing to review applications for the Data Scientist position. If selected, a member of our recruiting team will contact you.",notifications.lever.co,NOT_REJECTED
Meta — Interview scheduling request,This is an update regarding your application at Meta. The hiring team is still reviewing candidates.,jobs.company.com,NOT_REJECTED
Update on your application at Palantir,This message confirms receipt of your application for the Data Analyst role at Palantir. We will follow up once the review process is complete.,notifications.lever.co,NOT_REJECTED
Update on your application at Shopify,Thank you for applying for the Software Engineer position at Shopify. Your application has been received and is currently under review by our hiring team.,successfactors.com,NOT_REJECTED
Your application with Databricks,We appreciate your interest in opportunities at Databricks. Our team is reviewing applications and will contact you regarding next steps.,recruiting.company.com,NOT_REJECTED
Meta — Interview scheduling request,Your application for ML Engineer at Meta is currently being evaluated. No action is required from you at this time.,jobs.company.com,NOT_REJECTED
VMware Recruiting — Next steps,Your application for Data Scientist at VMware is currently being evaluated. No action is required from you at this time.,myworkday.com,NOT_REJECTED
VMware — Application under review (Site Reliability Engineer),Your application for Site Reliability Engineer at VMware is currently being evaluated. No action is required from you at this time.,notifications.lever.co,NOT_REJECTED
Uber: Interview process update,This message confirms receipt of your application for the Data Analyst role at Uber. We will follow up once the review process is complete.,lever.co,NOT_REJECTED
Amazon — Thank you for applying,Your application for Data Analyst at Amazon is currently being evaluated. No action is required from you at this time.,smartrecruiters.com,NOT_REJECTED
Your application with ServiceNow,Thank you for applying for the Data Analyst position at ServiceNow. Your application has been received and is currently under review by our hiring team.,taleo.net,NOT_REJECTED
Zoom: Interview process update,Thank you for your interest in joining Zoom. We are in the process of reviewing candidate profiles and will reach out with updates.,lever.co,NOT_REJECTED
Adobe — Interview scheduling request,Thank you for applying to Adobe. We are reviewing submissions and will provide updates as the process progresses.,notifications.lever.co,NOT_REJECTED
ServiceNow: Interview process update,Your application is under consideration. We appreciate your patience as we complete our review process.,notifications.lever.co,NOT_REJECTED
Apple Recruiting — Next steps,Thank you for applying to Apple. We are reviewing submissions and will provide updates as the process progresses.,noreply.workday.com,NOT_REJECTED
Cisco Recruiting — Next steps,Thank you for applying for the Applied Scientist position at Cisco. Your application has been received and is currently under review by our hiring team.,noreply.workday.com,NOT_REJECTED
Microsoft — Application under review (Backend Engineer),This is an update regarding your application at Microsoft. The hiring team is still reviewing candidates.,jobs.company.com,NOT_REJECTED
Adobe — Assessment instructions,We are in the process of coordinating interviews for this role. You will be contacted if your profile is shortlisted.,careers.company.com,NOT_REJECTED
Update on your application at Figma,Thank you for applying for the Site Reliability Engineer position at Figma. Your application has been received and is currently under review by our hiring team.,workday.com,NOT_REJECTED
Bloomberg: Interview process update,This message confirms receipt of your application for the Solutions Engineer role at Bloomberg. We will follow up once the review process is complete.,icims.com,NOT_REJECTED
Your application with Stripe,We appreciate your interest in opportunities at Stripe. Our team is reviewing applications and will contact you regarding next steps.,greenhouse.io,NOT_REJECTED
Update on your application at Amazon,We appreciate your interest in opportunities at Amazon. Our team is reviewing applications and will contact you regarding next steps.,notifications.lever.co,NOT_REJECTED
Application received — Snowflake,This is an update regarding your application at Snowflake. The hiring team is still reviewing candidates.,taleo.net,NOT_REJECTED
Airbnb Recruiting — Next steps,This message confirms receipt of your application for the Site Reliability Engineer role at Airbnb. We will follow up once the review process is complete.,smartrecruiters.com,NOT_REJECTED
Application received — Uber,This is an update regarding your application at Uber. The hiring team is still reviewing candidates.,lever.co,NOT_REJECTED
Stripe Recruiting — Next steps,Your application is under consideration. We appreciate your patience as we complete our review process.,careers.company.com,NOT_REJECTED
Update on your application at Coinbase,"We are continuing to review applications for the Data Analyst position. If selected, a member of our recruiting team will contact you.",myworkday.com,NOT_REJECTED
Update on your application at Microsoft,We appreciate your interest in opportunities at Microsoft. Our team is reviewing applications and will contact you regarding next steps.,recruiting.company.com,NOT_REJECTED
Oracle — Assessment instructions,This is an update regarding your application at Oracle. The hiring team is still reviewing candidates.,jobs.company.com,NOT_REJECTED
Adobe: Interview process update,Thank you for applying for the Software Engineer position at Adobe. Your application has been received and is currently under review by our hiring team.,jobs.company.com,NOT_REJECTED
Application received — Shopify,We appreciate your interest in opportunities at Shopify. Our team is reviewing applications and will contact you regarding next steps.,smartrecruiters.com,NOT_REJECTED
Zoom — Application under review (Data Analyst),"We are continuing to review applications for the Data Analyst position. If selected, a member of our recruiting team will contact you.",recruiting.company.com,NOT_REJECTED
Application received — DoorDash,We are in the process of coordinating interviews for this role. You will be contacted if your profile is shortlisted.,taleo.net,NOT_REJECTED
Microsoft — Interview scheduling request,We appreciate your interest in opportunities at Microsoft. Our team is reviewing applications and will contact you regarding next steps.,myworkday.com,NOT_REJECTED
Tesla — Interview scheduling request,Thank you for your interest in joining Tesla. We are in the process of reviewing candidate profiles and will reach out with updates.,icims.com,NOT_REJECTED
Update on your application at Apple,Thank you for applying to Apple. We are reviewing submissions and will provide updates as the process progresses.,successfactors.com,NOT_REJECTED
Update on your application at Notion,Your application for Backend Engineer at Notion is currently being evaluated. No action is required from you at this time.,workday.com,NOT_REJECTED
Application received — DoorDash,We appreciate your interest in opportunities at DoorDash. Our team is reviewing applications and will contact you regarding next steps.,smartrecruiters.com,NOT_REJECTED
Stripe: Interview process update,Thank you for applying for the Frontend Engineer position at Stripe. Your application has been received and is currently under review by our hiring team.,lever.co,NOT_REJECTED
Meta — Application under review (Software Engineer),We are in the process of coordinating interviews for this role. You will be contacted if your profile is shortlisted.,careers.company.com,NOT_REJECTED
Notion — Thank you for applying,Thank you for applying to Notion. We are reviewing submissions and will provide updates as the process progresses.,workday.com,NOT_REJECTED
Shopify — Assessment instructions,This message confirms receipt of your application for the Site Reliability Engineer role at Shopify. We will follow up once the review process is complete.,workday.com,NOT_REJECTED
Your application with Meta,We are in the process of coordinating interviews for this role. You will be contacted if your profile is shortlisted.,notifications.lever.co,NOT_REJECTED
Shopify Recruiting — Next steps,Thank you for applying to Shopify. We are reviewing submissions and will provide updates as the process progresses.,workday.com,NOT_REJECTED
Update on your application at Stripe,Thank you for applying to Stripe. We are reviewing submissions and will provide updates as the process progresses.,taleo.net,NOT_REJECTED
Atlassian Recruiting — Next steps,Thank you for applying to Atlassian. We are reviewing submissions and will provide updates as the process progresses.,workday.com,NOT_REJECTED
Application received — Zoom,Your application for QA Engineer at Zoom is currently being evaluated. No action is required from you at this time.,myworkday.com,NOT_REJECTED
Coinbase — Assessment instructions,Your application for Data Scientist at Coinbase is currently being evaluated. No action is required from you at this time.,workday.com,NOT_REJECTED
Snowflake — Assessment instructions,"We are continuing to review applications for the Applied Scientist position. If selected, a member of our recruiting team will contact you.",notifications.lever.co,NOT_REJECTED
Stripe — Thank you for applying,Thank you for applying to Stripe. We are reviewing submissions and will provide updates as the process progresses.,icims.com,NOT_REJECTED
Update on your application at Shopify,Your application is under consideration. We appreciate your patience as we complete our review process.,smartrecruiters.com,NOT_REJECTED
Oracle Recruiting — Next steps,Your application for Full‑Stack Engineer at Oracle is currently being evaluated. No action is required from you at this time.,icims.com,NOT_REJECTED
Tesla — Assessment instructions,"We are continuing to review applications for the Product Manager position. If selected, a member of our recruiting team will contact you.",lever.co,NOT_REJECTED
Oracle — Thank you for applying,We are in the process of coordinating interviews for this role. You will be contacted if your profile is shortlisted.,successfactors.com,NOT_REJECTED
Airbnb — Assessment instructions,This is an update regarding your application at Airbnb. The hiring team is still reviewing candidates.,recruiting.company.com,NOT_REJECTED
Tesla — Assessment instructions,This is an update regarding your application at Tesla. The hiring team is still reviewing candidates.,notifications.lever.co,NOT_REJECTED
Notion — Assessment instructions,We appreciate your interest in opportunities at Notion. Our team is reviewing applications and will contact you regarding next steps.,myworkday.com,NOT_REJECTED
Application received — Atlassian,"We are continuing to review applications for the Software Engineer position. If selected, a member of our recruiting team will contact you.",jobs.company.com,NOT_REJECTED
ServiceNow Recruiting — Next steps,This is an update regarding your application at ServiceNow. The hiring team is still reviewing candidates.,lever.co,NOT_REJECTED
Meta Recruiting — Next steps,We appreciate your interest in opportunities at Meta. Our team is reviewing applications and will contact you regarding next steps.,workday.com,NOT_REJECTED
Your application with Coinbase,Your application for Data Analyst at Coinbase is currently being evaluated. No action is required from you at this time.,successfactors.com,NOT_REJECTED
Cisco Recruiting — Next steps,We are in the process of coordinating interviews for this role. You will be contacted if your profile is shortlisted.,greenhouse.io,NOT_REJECTED
Your application with Shopify,Thank you for applying to Shopify. We are reviewing submissions and will provide updates as the process progresses.,successfactors.com,NOT_REJECTED
Bloomberg Careers — Data Analyst,This is an update regarding your application at Bloomberg. The hiring team is still reviewing candidates.,icims.com,NOT_REJECTED
Your application with Netflix,We are in the process of coordinating interviews for this role. You will be contacted if your profile is shortlisted.,noreply.workday.com,NOT_REJECTED
Uber Careers — Product Manager,We are in the process of coordinating interviews for this role. You will be contacted if your profile is shortlisted.,careers.company.com,NOT_REJECTED
Microsoft — Thank you for applying,Your application for Applied Scientist at Microsoft is currently being evaluated. No action is required from you at this time.,notifications.lever.co,NOT_REJECTED
Figma Careers — DevOps Engineer,Thank you for your interest in joining Figma. We are in the process of reviewing candidate profiles and will reach out with updates.,notifications.lever.co,NOT_REJECTED
Application received — Oracle,We are in the process of coordinating interviews for this role. You will be contacted if your profile is shortlisted.,notifications.lever.co,NOT_REJECTED
Google — Assessment instructions,"We are continuing to review applications for the Site Reliability Engineer position. If selected, a member of our recruiting team will contact you.",successfactors.com,NOT_REJECTED
Nvidia — Application under review (ML Engineer),We are in the process of coordinating interviews for this role. You will be contacted if your profile is shortlisted.,smartrecruiters.com,NOT_REJECTED
Palantir — Assessment instructions,Your application is under consideration. We appreciate your patience as we complete our review process.,careers.company.com,NOT_REJECTED
Airbnb Recruiting — Next steps,This is an update regarding your application at Airbnb. The hiring team is still reviewing candidates.,smartrecruiters.com,NOT_REJECTED
Airbnb — Application under review (Applied Scientist),This is an update regarding your application at Airbnb. The hiring team is still reviewing candidates.,icims.com,NOT_REJECTED
Microsoft — Thank you for applying,This message confirms receipt of your application for the QA Engineer role at Microsoft. We will follow up once the review process is complete.,notifications.lever.co,NOT_REJECTED
LinkedIn — Application under review (Security Engineer),Thank you for applying for the Security Engineer position at LinkedIn. Your application has been received and is currently under review by our hiring team.,lever.co,NOT_REJECTED
Shopify Careers — Software Engineer,This is an update regarding your application at Shopify. The hiring team is still reviewing candidates.,taleo.net,NOT_REJECTED
Zoom — Assessment instructions,This message confirms receipt of your application for the QA Engineer role at Zoom. We will follow up once the review process is complete.,successfactors.com,NOT_REJECTED
Stripe — Thank you for applying,Thank you for applying for the Product Manager position at Stripe. Your application has been received and is currently under review by our hiring team.,workday.com,NOT_REJECTED
Figma — Application under review (Backend Engineer),Thank you for your interest in joining Figma. We are in the process of reviewing candidate profiles and will reach out with updates.,icims.com,NOT_REJECTED
Adobe: Interview process update,This message confirms receipt of your application for the Security Engineer role at Adobe. We will follow up once the review process is complete.,workday.com,NOT_REJECTED
Application received — Oracle,Your application is under consideration. We appreciate your patience as we complete our review process.,smartrecruiters.com,NOT_REJECTED
Amazon: Interview process update,This is an update regarding your application at Amazon. The hiring team is still reviewing candidates.,greenhouse.io,NOT_REJECTED
Your application with ServiceNow,This message confirms receipt of your application for the Full‑Stack Engineer role at ServiceNow. We will follow up once the review process is complete.,workday.com,NOT_REJECTED
Salesforce: Interview process update,Your application is under consideration. We appreciate your patience as we complete our review process.,notifications.lever.co,NOT_REJECTED
Snowflake — Assessment instructions,We are in the process of coordinating interviews for this role. You will be contacted if your profile is shortlisted.,greenhouse.io,NOT_REJECTED
Cisco — Application under review (Full‑Stack Engineer),Thank you for applying to Cisco. We are reviewing submissions and will provide updates as the process progresses.,workday.com,NOT_REJECTED
Netflix: Interview process update,"We are continuing to review applications for the Security Engineer position. If selected, a member of our recruiting team will contact you.",smartrecruiters.com,NOT_REJECTED
Your application with LinkedIn,We are in the process of coordinating interviews for this role. You will be contacted if your profile is shortlisted.,taleo.net,NOT_REJECTED
Okta: Interview process update,Your application is under consideration. We appreciate your patience as we complete our review process.,jobs.company.com,NOT_REJECTED
Your application with Zoom,Your application is under consideration. We appreciate your patience as we complete our review process.,recruiting.company.com,NOT_REJECTED
Databricks Recruiting — Next steps,Thank you for applying for the Applied Scientist position at Databricks. Your application has been received and is currently under review by our hiring team.,jobs.company.com,NOT_REJECTED
Your application with LinkedIn,This message confirms receipt of your application for the QA Engineer role at LinkedIn. We will follow up once the review process is complete.,greenhouse.io,NOT_REJECTED
LinkedIn — Interview scheduling request,Your application is under consideration. We appreciate your patience as we complete our review process.,greenhouse.io,NOT_REJECTED
VMware — Interview scheduling request,Your application is under consideration. We appreciate your patience as we complete our review process.,icims.com,NOT_REJECTED
ServiceNow — Application under review (Data Scientist),This is an update regarding your application at ServiceNow. The hiring team is still reviewing candidates.,notifications.lever.co,NOT_REJECTED
Apple Recruiting — Next steps,Thank you for your interest in joining Apple. We are in the process of reviewing candidate profiles and will reach out with updates.,notifications.lever.co,NOT_REJECTED
Tesla Recruiting — Next steps,This message confirms receipt of your application for the Frontend Engineer role at Tesla. We will follow up once the review process is complete.,careers.company.com,NOT_REJECTED
Meta — Application under review (QA Engineer),This message confirms receipt of your application for the QA Engineer role at Meta. We will follow up once the review process is complete.,icims.com,NOT_REJECTED
Application received — Salesforce,Your application for Applied Scientist at Salesforce is currently being evaluated. No action is required from you at this time.,recruiting.company.com,NOT_REJECTED
Salesforce — Assessment instructions,This is an update regarding your application at Salesforce. The hiring team is still reviewing candidates.,greenhouse.io,NOT_REJECTED
Google — Thank you for applying,This is an update regarding your application at Google. The hiring team is still reviewing candidates.,taleo.net,NOT_REJECTED
Oracle: Interview process update,Thank you for applying for the Frontend Engineer position at Oracle. Your application has been received and is currently under review by our hiring team.,smartrecruiters.com,NOT_REJECTED
LinkedIn — Application under review (Site Reliability Engineer),"We are continuing to review applications for the Site Reliability Engineer position. If selected, a member of our recruiting team will contact you.",greenhouse.io,NOT_REJECTED
Zoom — Assessment instructions,We are in the process of coordinating interviews for this role. You will be contacted if your profile is shortlisted.,successfactors.com,NOT_REJECTED
Figma — Assessment instructions,"We are continuing to review applications for the QA Engineer position. If selected, a member of our recruiting team will contact you.",recruiting.company.com,NOT_REJECTED
Notion Careers — Solutions Engineer,This is an update regarding your application at Notion. The hiring team is still reviewing candidates.,jobs.company.com,NOT_REJECTED
LinkedIn — Interview scheduling request,We are in the process of coordinating interviews for this role. You will be contacted if your profile is shortlisted.,notifications.lever.co,NOT_REJECTED
Microsoft Recruiting — Next steps,This is an update regarding your application at Microsoft. The hiring team is still reviewing candidates.,notifications.lever.co,NOT_REJECTED
Your application with Oracle,This is an update regarding your application at Oracle. The hiring team is still reviewing candidates.,notifications.lever.co,NOT_REJECTED
Bloomberg Recruiting — Next steps,We are in the process of coordinating interviews for this role. You will be contacted if your profile is shortlisted.,workday.com,NOT_REJECTED
Your application with Nvidia,Thank you for your interest in joining Nvidia. We are in the process of reviewing candidate profiles and will reach out with updates.,jobs.company.com,NOT_REJECTED
Figma Careers — Backend Engineer,Thank you for applying to Figma. We are reviewing submissions and will provide updates as the process progresses.,successfactors.com,NOT_REJECTED
VMware — Thank you for applying,We are in the process of coordinating interviews for this role. You will be contacted if your profile is shortlisted.,recruiting.company.com,NOT_REJECTED
Google — Application under review (DevOps Engineer),This message confirms receipt of your application for the DevOps Engineer role at Google. We will follow up once the review process is complete.,notifications.lever.co,NOT_REJECTED
Update on your application at Bloomberg,Your application is under consideration. We appreciate your patience as we complete our review process.,jobs.company.com,NOT_REJECTED
Cisco — Assessment instructions,"We are continuing to review applications for the Backend Engineer position. If selected, a member of our recruiting team will contact you.",successfactors.com,NOT_REJECTED
LinkedIn — Thank you for applying,Your application for QA Engineer at LinkedIn is currently being evaluated. No action is required from you at this time.,careers.company.com,NOT_REJECTED
Microsoft — Application under review (Full‑Stack Engineer),Thank you for applying for the Full‑Stack Engineer position at Microsoft. Your application has been received and is currently under review by our hiring team.,taleo.net,NOT_REJECTED
Application received — Notion,We appreciate your interest in opportunities at Notion. Our team is reviewing applications and will contact you regarding next steps.,icims.com,NOT_REJECTED
Oracle Careers — ML Engineer,Your application is under consideration. We appreciate your patience as we complete our review process.,successfactors.com,NOT_REJECTED
Okta Careers — Software Engineer,Your application for Software Engineer at Okta is currently being evaluated. No action is required from you at this time.,notifications.lever.co,NOT_REJECTED
Cisco — Application under review (Solutions Engineer),This message confirms receipt of your application for the Solutions Engineer role at Cisco. We will follow up once the review process is complete.,myworkday.com,NOT_REJECTED
Your application with Oracle,Thank you for your interest in joining Oracle. We are in the process of reviewing candidate profiles and will reach out with updates.,noreply.workday.com,NOT_REJECTED
Apple Careers — Solutions Engineer,Thank you for applying to Apple. We are reviewing submissions and will provide updates as the process progresses.,greenhouse.io,NOT_REJECTED
Application received — Tesla,This is an update regarding your application at Tesla. The hiring team is still reviewing candidates.,lever.co,NOT_REJECTED
Okta — Assessment instructions,Thank you for applying to Okta. We are reviewing submissions and will provide updates as the process progresses.,workday.com,NOT_REJECTED
Update on your application at DoorDash,"We are continuing to review applications for the Software Engineer position. If selected, a member of our recruiting team will contact you.",recruiting.company.com,NOT_REJECTED
Nvidia — Thank you for applying,This is an update regarding your application at Nvidia. The hiring team is still reviewing candidates.,notifications.lever.co,NOT_REJECTED
Your application with Tesla,Thank you for applying to Tesla. We are reviewing submissions and will provide updates as the process progresses.,lever.co,NOT_REJECTED
Update on your application at Meta,We are in the process of coordinating interviews for this role. You will be contacted if your profile is shortlisted.,noreply.workday.com,NOT_REJECTED
ServiceNow Careers — Site Reliability Engineer,This is an update regarding your application at ServiceNow. The hiring team is still reviewing candidates.,icims.com,NOT_REJECTED
Netflix: Interview process update,Thank you for applying to Netflix. We are reviewing submissions and will provide updates as the process progresses.,lever.co,NOT_REJECTED
Nvidia — Application under review (Product Manager),We appreciate your interest in opportunities at Nvidia. Our team is reviewing applications and will contact you regarding next steps.,icims.com,NOT_REJECTED
Airbnb — Interview scheduling request,Your application for DevOps Engineer at Airbnb is currently being evaluated. No action is required from you at this time.,lever.co,NOT_REJECTED
Application received — Twilio,"We are continuing to review applications for the ML Engineer position. If selected, a member of our recruiting team will contact you.",taleo.net,NOT_REJECTED
Adobe — Application under review (Software Engineer),We appreciate your interest in opportunities at Adobe. Our team is reviewing applications and will contact you regarding next steps.,taleo.net,NOT_REJECTED
Twilio: Interview process update,Your application is under consideration. We appreciate your patience as we complete our review process.,recruiting.company.com,NOT_REJECTED
Bloomberg — Application under review (Data Scientist),"We are continuing to review applications for the Data Scientist position. If selected, a member of our recruiting team will contact you.",jobs.company.com,NOT_REJECTED
Your application with LinkedIn,This is an update regarding your application at LinkedIn. The hiring team is still reviewing candidates.,taleo.net,NOT_REJECTED
LinkedIn: Interview process update,This is an update regarding your application at LinkedIn. The hiring team is still reviewing candidates.,workday.com,NOT_REJECTED
Update on your application at Meta,Your application for Full‑Stack Engineer at Meta is currently being evaluated. No action is required from you at this time.,successfactors.com,NOT_REJECTED
Nvidia — Thank you for applying,We are in the process of coordinating interviews for this role. You will be contacted if your profile is shortlisted.,lever.co,NOT_REJECTED
Netflix Careers — Backend Engineer,Thank you for applying to Netflix. We are reviewing submissions and will provide updates as the process progresses.,greenhouse.io,NOT_REJECTED
Airbnb Careers — QA Engineer,Thank you for applying to Airbnb. We are reviewing submissions and will provide updates as the process progresses.,jobs.company.com,NOT_REJECTED
Application received — Oracle,This message confirms receipt of your application for the Full‑Stack Engineer role at Oracle. We will follow up once the review process is complete.,jobs.company.com,NOT_REJECTED
Uber — Interview scheduling request,This message confirms receipt of your application for the Full‑Stack Engineer role at Uber. We will follow up once the review process is complete.,lever.co,NOT_REJECTED
Adobe Recruiting — Next steps,Your application is under consideration. We appreciate your patience as we complete our review process.,workday.com,NOT_REJECTED
Apple Careers — Data Analyst,Your application is under consideration. We appreciate your patience as we complete our review process.,myworkday.com,NOT_REJECTED
DoorDash — Application under review (Product Manager),This is an update regarding your application at DoorDash. The hiring team is still reviewing candidates.,taleo.net,NOT_REJECTED
Twilio — Application under review (Security Engineer),This is an update regarding your application at Twilio. The hiring team is still reviewing candidates.,lever.co,NOT_REJECTED
Your application with LinkedIn,This message confirms receipt of your application for the Applied Scientist role at LinkedIn. We will follow up once the review process is complete.,careers.company.com,NOT_REJECTED
Your application with Airbnb,This message confirms receipt of your application for the Applied Scientist role at Airbnb. We will follow up once the review process is complete.,noreply.workday.com,NOT_REJECTED
VMware Careers — Data Analyst,Your application is under consideration. We appreciate your patience as we complete our review process.,workday.com,NOT_REJECTED
Shopify: Interview process update,Thank you for applying for the Full‑Stack Engineer position at Shopify. Your application has been received and is currently under review by our hiring team.,greenhouse.io,NOT_REJECTED
Cisco Careers — QA Engineer,Your application is under consideration. We appreciate your patience as we complete our review process.,notifications.lever.co,NOT_REJECTED
Update on your application at Zoom,This message confirms receipt of your application for the QA Engineer role at Zoom. We will follow up once the review process is complete.,recruiting.company.com,NOT_REJECTED
Bloomberg — Thank you for applying,Your application is under consideration. We appreciate your patience as we complete our review process.,smartrecruiters.com,NOT_REJECTED
Shopify — Assessment instructions,Your application for Product Manager at Shopify is currently being evaluated. No action is required from you at this time.,workday.com,NOT_REJECTED
Application received — Netflix,We are in the process of coordinating interviews for this role. You will be contacted if your profile is shortlisted.,successfactors.com,NOT_REJECTED
Microsoft — Interview scheduling request,"We are continuing to review applications for the Data Analyst position. If selected, a member of our recruiting team will contact you.",notifications.lever.co,NOT_REJECTED
Application received — Zoom,Your application for Product Manager at Zoom is currently being evaluated. No action is required from you at this time.,myworkday.com,NOT_REJECTED
Airbnb — Thank you for applying,This message confirms receipt of your application for the Backend Engineer role at Airbnb. We will follow up once the review process is complete.,greenhouse.io,NOT_REJECTED
Zoom: Interview process update,Thank you for your interest in joining Zoom. We are in the process of reviewing candidate profiles and will reach out with updates.,careers.company.com,NOT_REJECTED
DoorDash — Assessment instructions,We are in the process of coordinating interviews for this role. You will be contacted if your profile is shortlisted.,greenhouse.io,NOT_REJECTED
Amazon — Application under review (QA Engineer),Thank you for your interest in joining Amazon. We are in the process of reviewing candidate profiles and will reach out with updates.,greenhouse.io,NOT_REJECTED
Adobe Careers — Data Scientist,This is an update regarding your application at Adobe. The hiring team is still reviewing candidates.,taleo.net,NOT_REJECTED
Tesla — Thank you for applying,We are in the process of coordinating interviews for this role. You will be contacted if your profile is shortlisted.,greenhouse.io,NOT_REJECTED
Atlassian Recruiting — Next steps,Thank you for your interest in joining Atlassian. We are in the process of reviewing candidate profiles and will reach out with updates.,notifications.lever.co,NOT_REJECTED
Your application with Google,Thank you for applying for the Applied Scientist position at Google. Your application has been received and is currently under review by our hiring team.,lever.co,NOT_REJECTED
Cisco Careers — Full‑Stack Engineer,"We are continuing to review applications for the Full‑Stack Engineer position. If selected, a member of our recruiting team will contact you.",lever.co,NOT_REJECTED
LinkedIn — Application under review (QA Engineer),Your application for QA Engineer at LinkedIn is currently being evaluated. No action is required from you at this time.,greenhouse.io,NOT_REJECTED
Okta — Interview scheduling request,We are in the process of coordinating interviews for this role. You will be contacted if your profile is shortlisted.,notifications.lever.co,NOT_REJECTED
Cisco — Interview scheduling request,Thank you for your interest in joining Cisco. We are in the process of reviewing candidate profiles and will reach out with updates.,successfactors.com,NOT_REJECTED
Tesla — Thank you for applying,Thank you for applying for the Full‑Stack Engineer position at Tesla. Your application has been received and is currently under review by our hiring team.,taleo.net,NOT_REJECTED
ServiceNow — Application under review (Backend Engineer),This message confirms receipt of your application for the Backend Engineer role at ServiceNow. We will follow up once the review process is complete.,workday.com,NOT_REJECTED
Your application with LinkedIn,"We are continuing to review applications for the Full‑Stack Engineer position. If selected, a member of our recruiting team will contact you.",smartrecruiters.com,NOT_REJECTED
Okta — Application under review (Security Engineer),We appreciate your interest in opportunities at Okta. Our team is reviewing applications and will contact you regarding next steps.,recruiting.company.com,NOT_REJECTED
Your application with DoorDash,"We are continuing to review applications for the Backend Engineer position. If selected, a member of our recruiting team will contact you.",greenhouse.io,NOT_REJECTED
Netflix — Interview scheduling request,Thank you for applying to Netflix. We are reviewing submissions and will provide updates as the process progresses.,jobs.company.com,NOT_REJECTED
LinkedIn — Interview scheduling request,Your application is under consideration. We appreciate your patience as we complete our review process.,smartrecruiters.com,NOT_REJECTED
Update on your application at DoorDash,Your application for DevOps Engineer at DoorDash is currently being evaluated. No action is required from you at this time.,greenhouse.io,NOT_REJECTED
Your application with Databricks,Your application for Applied Scientist at Databricks is currently being evaluated. No action is required from you at this time.,recruiting.company.com,NOT_REJECTED
Your application with Oracle,Your application is under consideration. We appreciate your patience as we complete our review process.,myworkday.com,NOT_REJECTED
Airbnb — Thank you for applying,Your application for Full‑Stack Engineer at Airbnb is currently being evaluated. No action is required from you at this time.,jobs.company.com,NOT_REJECTED
Update on your application at Twilio,"We are continuing to review applications for the Software Engineer position. If selected, a member of our recruiting team will contact you.",icims.com,NOT_REJECTED
Databricks Careers — Applied Scientist,Your application is under consideration. We appreciate your patience as we complete our review process.,workday.com,NOT_REJECTED
Update on your application at Databricks,This message confirms receipt of your application for the Solutions Engineer role at Databricks. We will follow up once the review process is complete.,notifications.lever.co,NOT_REJECTED
Okta — Thank you for applying,This is an update regarding your application at Okta. The hiring team is still reviewing candidates.,smartrecruiters.com,NOT_REJECTED
Airbnb: Interview process update,We appreciate your interest in opportunities at Airbnb. Our team is reviewing applications and will contact you regarding next steps.,recruiting.company.com,NOT_REJECTED
Nvidia — Interview scheduling request,Your application is under consideration. We appreciate your patience as we complete our review process.,lever.co,NOT_REJECTED
Netflix Recruiting — Next steps,Your application for Applied Scientist at Netflix is currently being evaluated. No action is required from you at this time.,noreply.workday.com,NOT_REJECTED
Apple Careers — Software Engineer,Thank you for applying to Apple. We are reviewing submissions and will provide updates as the process progresses.,workday.com,NOT_REJECTED
Stripe — Assessment instructions,This message confirms receipt of your application for the Software Engineer role at Stripe. We will follow up once the review process is complete.,greenhouse.io,NOT_REJECTED
Cisco Careers — QA Engineer,Thank you for applying to Cisco. We are reviewing submissions and will provide updates as the process progresses.,icims.com,NOT_REJECTED
Uber — Assessment instructions,We appreciate your interest in opportunities at Uber. Our team is reviewing applications and will contact you regarding next steps.,taleo.net,NOT_REJECTED
Atlassian — Application under review (ML Engineer),Thank you for applying for the ML Engineer position at Atlassian. Your application has been received and is currently under review by our hiring team.,workday.com,NOT_REJECTED
Atlassian — Application under review (Frontend Engineer),This message confirms receipt of your application for the Frontend Engineer role at Atlassian. We will follow up once the review process is complete.,icims.com,NOT_REJECTED
Your application with Netflix,Thank you for your interest in joining Netflix. We are in the process of reviewing candidate profiles and will reach out with updates.,lever.co,NOT_REJECTED
Stripe — Assessment instructions,Thank you for your interest in joining Stripe. We are in the process of reviewing candidate profiles and will reach out with updates.,notifications.lever.co,NOT_REJECTED
DoorDash — Interview scheduling request,Thank you for applying to DoorDash. We are reviewing submissions and will provide updates as the process progresses.,lever.co,NOT_REJECTED
Intuit — Assessment instructions,"We are continuing to review applications for the Data Scientist position. If selected, a member of our recruiting team will contact you.",careers.company.com,NOT_REJECTED
Application received — Oracle,Thank you for applying to Oracle. We are reviewing submissions and will provide updates as the process progresses.,taleo.net,NOT_REJECTED
Databricks — Assessment instructions,"We are continuing to review applications for the Product Manager position. If selected, a member of our recruiting team will contact you.",lever.co,NOT_REJECTED
Databricks — Assessment instructions,This is an update regarding your application at Databricks. The hiring team is still reviewing candidates.,lever.co,NOT_REJECTED
Update on your application at Adobe,Your application for QA Engineer at Adobe is currently being evaluated. No action is required from you at this time.,jobs.company.com,NOT_REJECTED
Figma — Thank you for applying,We are in the process of coordinating interviews for this role. You will be contacted if your profile is shortlisted.,successfactors.com,NOT_REJECTED
Apple — Thank you for applying,This is an update regarding your application at Apple. The hiring team is still reviewing candidates.,icims.com,NOT_REJECTED
Update on your application at Microsoft,We are in the process of coordinating interviews for this role. You will be contacted if your profile is shortlisted.,greenhouse.io,NOT_REJECTED
Your application with Netflix,"We are continuing to review applications for the Backend Engineer position. If selected, a member of our recruiting team will contact you.",taleo.net,NOT_REJECTED
Apple Careers — Backend Engineer,This message confirms receipt of your application for the Backend Engineer role at Apple. We will follow up once the review process is complete.,careers.company.com,NOT_REJECTED
Bloomberg — Application under review (DevOps Engineer),Thank you for applying to Bloomberg. We are reviewing submissions and will provide updates as the process progresses.,greenhouse.io,NOT_REJECTED
Okta — Assessment instructions,Your application for Site Reliability Engineer at Okta is currently being evaluated. No action is required from you at this time.,greenhouse.io,NOT_REJECTED
Netflix: Interview process update,Your application for DevOps Engineer at Netflix is currently being evaluated. No action is required from you at this time.,taleo.net,NOT_REJECTED
Application received — Apple,We appreciate your interest in opportunities at Apple. Our team is reviewing applications and will contact you regarding next steps.,icims.com,NOT_REJECTED
Amazon — Assessment instructions,This message confirms receipt of your application for the Data Scientist role at Amazon. We will follow up once the review process is complete.,noreply.workday.com,NOT_REJECTED
Your application with Twilio,Thank you for your interest in joining Twilio. We are in the process of reviewing candidate profiles and will reach out with updates.,jobs.company.com,NOT_REJECTED
Palantir — Thank you for applying,Your application for Data Analyst at Palantir is currently being evaluated. No action is required from you at this time.,myworkday.com,NOT_REJECTED
Stripe Recruiting — Next steps,Thank you for applying to Stripe. We are reviewing submissions and will provide updates as the process progresses.,notifications.lever.co,NOT_REJECTED
Notion — Thank you for applying,We appreciate your interest in opportunities at Notion. Our team is reviewing applications and will contact you regarding next steps.,jobs.company.com,NOT_REJECTED
Bloomberg Recruiting — Next steps,Thank you for your interest in joining Bloomberg. We are in the process of reviewing candidate profiles and will reach out with updates.,careers.company.com,NOT_REJECTED
Application received — Amazon,Thank you for applying for the Solutions Engineer position at Amazon. Your application has been received and is currently under review by our hiring team.,jobs.company.com,NOT_REJECTED
Snowflake — Application under review (Frontend Engineer),We appreciate your interest in opportunities at Snowflake. Our team is reviewing applications and will contact you regarding next steps.,myworkday.com,NOT_REJECTED
Notion — Interview scheduling request,Thank you for your interest in joining Notion. We are in the process of reviewing candidate profiles and will reach out with updates.,notifications.lever.co,NOT_REJECTED
VMware — Thank you for applying,Thank you for applying for the QA Engineer position at VMware. Your application has been received and is currently under review by our hiring team.,jobs.company.com,NOT_REJECTED
LinkedIn — Application under review (QA Engineer),Thank you for your interest in joining LinkedIn. We are in the process of reviewing candidate profiles and will reach out with updates.,noreply.workday.com,NOT_REJECTED
Your application with Snowflake,We appreciate your interest in opportunities at Snowflake. Our team is reviewing applications and will contact you regarding next steps.,lever.co,NOT_REJECTED
Uber Recruiting — Next steps,Your application for Solutions Engineer at Uber is currently being evaluated. No action is required from you at this time.,smartrecruiters.com,NOT_REJECTED
Application received — LinkedIn,Thank you for applying to LinkedIn. We are reviewing submissions and will provide updates as the process progresses.,careers.company.com,NOT_REJECTED