subject,snippet,from_domain,label
Uber — Application Status (ML Engineer),"We value your interest in joining Uber. At this time, the position has been filled. We appreciate your interest and wish you the best in your career journey.",recruiting.company.com,REJECTED
ServiceNow Recruiting Team — Update,"Thank you for considering ServiceNow as a potential employer. Unfortunately, we have concluded our hiring process. We appreciate your interest and wish you the best in your career journey.",notifications.lever.co,REJECTED
Your LinkedIn application,"We appreciate your application for the Software Engineer role at LinkedIn. Unfortunately, we have concluded our hiring process. We appreciate the time and effort you invested in your application.",lever.co,REJECTED
Application outcome — Zoom,Thank you for your application to the Software Engineer position. We regret to inform you that we will not be progressing with your application. We wish you success in your future job search.,smartrecruiters.com,REJECTED
Netflix Recruiting Team — Update,"Thank you for taking the time to apply to Netflix. After reviewing your application, the position has been filled. We wish you success in your future job search.",icims.com,REJECTED
Application outcome — Twilio,"We appreciate your application for the Software Engineer role at Twilio. Unfortunately, your application was not selected. We wish you success in your future job search.",taleo.net,REJECTED
Oracle — Application Status (DevOps Engineer),"We appreciate the opportunity to review your application. However, the position has been filled. We encourage you to apply again in the future if another role aligns with your experience.",notifications.lever.co,REJECTED
Application outcome — Notion,"Thank you for considering Notion as a potential employer. Unfortunately, the position has been filled. We wish you success in your future job search.",notifications.lever.co,REJECTED
Update on your application — Google,"We appreciate your application for the DevOps Engineer role at Google. Unfortunately, we have decided not to proceed. Thank you for your interest in our company and for applying.",notifications.lever.co,REJECTED
VMware — Application Status (Data Analyst),"Thank you for considering VMware as a potential employer. Unfortunately, we will not be moving forward. We encourage you to apply again in the future if another role aligns with your experience.",smartrecruiters.com,REJECTED
Application outcome — Figma,Thank you for your application to the QA Engineer position. We regret to inform you that the position has been filled. We wish you success in your future job search.,careers.company.com,REJECTED
Amazon Recruiting Team — Update,"After careful review of your background and experience, we will not be moving forward. We appreciate your interest and wish you the best in your career journey.",taleo.net,REJECTED
Tesla Recruiting Team — Update,"We appreciate the opportunity to review your application. However, we will not be progressing with your application. We encourage you to apply again in the future if another role aligns with your experience.",careers.company.com,REJECTED
Microsoft — Application Status (Site Reliability Engineer),"Thank you for considering Microsoft as a potential employer. Unfortunately, we have chosen to move forward with other candidates. We wish you success in your future job search.",taleo.net,REJECTED
Coinbase Recruiting Team — Update,"We appreciate your application for the Data Analyst role at Coinbase. Unfortunately, we will not be moving forward. We encourage you to apply again in the future if another role aligns with your experience.",notifications.lever.co,REJECTED
Application outcome — Palantir,"Thank you for taking the time to apply to Palantir. After reviewing your application, your application was not selected. We appreciate the time and effort you invested in your application.",smartrecruiters.com,REJECTED
Zoom — Application Status (Software Engineer),"We value your interest in joining Zoom. At this time, unfortunately. We appreciate the time and effort you invested in your application.",taleo.net,REJECTED
Your LinkedIn application,"After careful review of your background and experience, we have concluded our hiring process. We appreciate the time and effort you invested in your application.",noreply.greenhouse.io,REJECTED
Stripe Recruiting Team — Update,"Thank you for taking the time to apply to Stripe. After reviewing your application, your application was not selected. We appreciate your interest and wish you the best in your career journey.",jobs.company.com,REJECTED
Your Shopify application,"We appreciate your application for the Data Analyst role at Shopify. Unfortunately, we have concluded our hiring process. Thank you for your interest in our company and for applying.",jobs.company.com,REJECTED
Your ServiceNow application,"We appreciate the opportunity to review your application. However, we will not be moving forward. Thank you for your interest in our company and for applying.",noreply.greenhouse.io,REJECTED
Cisco Careers — Solutions Engineer,"We appreciate the opportunity to review your application. However, we will not be moving forward. We appreciate your interest and wish you the best in your career journey.",noreply.greenhouse.io,REJECTED
Your Google application,"Thank you for considering Google as a potential employer. Unfortunately, the position has been filled. We encourage you to apply again in the future if another role aligns with your experience.",myworkday.com,REJECTED
Regarding your application at Snowflake,"Thank you for taking the time to apply to Snowflake. After reviewing your application, we will not be progressing with your application. We encourage you to apply again in the future if another role aligns with your expe",jobs.company.com,REJECTED
Adobe Careers — Applied Scientist,"We appreciate your application for the Applied Scientist role at Adobe. Unfortunately, we have concluded our hiring process. We wish you success in your future job search.",taleo.net,REJECTED
Update on your application — Oracle,"Thank you for considering Oracle as a potential employer. Unfortunately, we have decided not to proceed. Thank you for your interest in our company and for applying.",greenhouse.io,REJECTED
Tesla Careers — Data Analyst,"Thank you for taking the time to apply to Tesla. After reviewing your application, we regret to inform you. Thank you for your interest in our company and for applying.",recruiting.company.com,REJECTED
Application outcome — Databricks,"We appreciate the opportunity to review your application. However, we will not be moving forward. We encourage you to apply again in the future if another role aligns with your experience.",icims.com,REJECTED
Regarding your application at Netflix,Thank you for your application to the Applied Scientist position. We regret to inform you that we have chosen to move forward with other candidates. Thank you for your interest in our company and for applying.,myworkday.com,REJECTED
Your Figma application,"We appreciate your application for the Data Analyst role at Figma. Unfortunately, unfortunately. We appreciate your interest and wish you the best in your career journey.",noreply.greenhouse.io,REJECTED
Adobe: Hiring decision for Full‑Stack Engineer,"We appreciate the opportunity to review your application. However, we regret to inform you. We appreciate the time and effort you invested in your application.",taleo.net,REJECTED
Nvidia Careers — Software Engineer,"We appreciate your application for the Software Engineer role at Nvidia. Unfortunately, your application was not selected. Thank you for your interest in our company and for applying.",myworkday.com,REJECTED
Your Palantir application,Thank you for your application to the Product Manager position. We regret to inform you that we have concluded our hiring process. Thank you for your interest in our company and for applying.,jobs.company.com,REJECTED
Regarding your application at Airbnb,"We appreciate your application for the Backend Engineer role at Airbnb. Unfortunately, we have chosen to move forward with other candidates. We appreciate the time and effort you invested in your application.",successfactors.com,REJECTED
Meta — Application Status (Solutions Engineer),"After careful review of your background and experience, your application was not selected. Thank you for your interest in our company and for applying.",recruiting.company.com,REJECTED
Regarding your application at Palantir,Thank you for your application to the DevOps Engineer position. We regret to inform you that unfortunately. We wish you success in your future job search.,myworkday.com,REJECTED
Your Coinbase application,"We appreciate the opportunity to review your application. However, we regret to inform you. We encourage you to apply again in the future if another role aligns with your experience.",notifications.lever.co,REJECTED
Your Amazon application,"We appreciate your application for the Software Engineer role at Amazon. Unfortunately, unfortunately. Thank you for your interest in our company and for applying.",greenhouse.io,REJECTED
Salesforce: Hiring decision for Security Engineer,"After careful review of your background and experience, the position has been filled. We appreciate your interest and wish you the best in your career journey.",notifications.lever.co,REJECTED
Okta: Hiring decision for DevOps Engineer,"We value your interest in joining Okta. At this time, we have concluded our hiring process. We appreciate the time and effort you invested in your application.",successfactors.com,REJECTED
Your Okta application,"We appreciate the opportunity to review your application. However, unfortunately. We wish you success in your future job search.",notifications.lever.co,REJECTED
Application outcome — DoorDash,"Thank you for your interest in the Site Reliability Engineer position at DoorDash. After careful consideration, your application was not selected. We appreciate the time and effort you invested in your application.",noreply.workday.com,REJECTED
DoorDash — Application Status (QA Engineer),Thank you for your application to the QA Engineer position. We regret to inform you that your application was not selected. We wish you success in your future job search.,noreply.workday.com,REJECTED
ServiceNow: Hiring decision for ML Engineer,"We value your interest in joining ServiceNow. At this time, we have concluded our hiring process. We appreciate the time and effort you invested in your application.",careers.company.com,REJECTED
Meta — Application Status (QA Engineer),"We appreciate your application for the QA Engineer role at Meta. Unfortunately, unfortunately. Thank you for your interest in our company and for applying.",jobs.company.com,REJECTED
Your Microsoft application,"Thank you for your interest in the Frontend Engineer position at Microsoft. After careful consideration, the position has been filled. We wish you success in your future job search.",jobs.company.com,REJECTED
Application outcome — VMware,"We appreciate the opportunity to review your application. However, we will not be moving forward. We wish you success in your future job search.",successfactors.com,REJECTED
Your Google application,"Thank you for taking the time to apply to Google. After reviewing your application, the position has been filled. We appreciate your interest and wish you the best in your career journey.",successfactors.com,REJECTED
Shopify Recruiting Team — Update,"We appreciate the opportunity to review your application. However, we regret to inform you. We wish you success in your future job search.",careers.company.com,REJECTED
Regarding your application at Coinbase,"Thank you for your interest in the ML Engineer position at Coinbase. After careful consideration, we will not be moving forward. We appreciate your interest and wish you the best in your career journey.",lever.co,REJECTED
Update on your application — Coinbase,"We value your interest in joining Coinbase. At this time, the position has been filled. We wish you success in your future job search.",greenhouse.io,REJECTED
Regarding your application at Figma,"We appreciate the opportunity to review your application. However, we have decided not to proceed. We appreciate your interest and wish you the best in your career journey.",notifications.lever.co,REJECTED
Your Bloomberg application,"After careful review of your background and experience, we have decided not to proceed. We appreciate your interest and wish you the best in your career journey.",notifications.lever.co,REJECTED
Tesla Recruiting Team — Update,"Thank you for considering Tesla as a potential employer. Unfortunately, your application was not selected. We encourage you to apply again in the future if another role aligns with your experience.",recruiting.company.com,REJECTED
Twilio Recruiting Team — Update,"Thank you for your interest in the Full‑Stack Engineer position at Twilio. After careful consideration, we will not be moving forward. We encourage you to apply again in the future if another role aligns with your experi",workday.com,REJECTED
Update on your application — Intuit,"Thank you for taking the time to apply to Intuit. After reviewing your application, the position has been filled. We encourage you to apply again in the future if another role aligns with your experience.",noreply.greenhouse.io,REJECTED
Your Netflix application,"Thank you for taking the time to apply to Netflix. After reviewing your application, your application was not selected. We appreciate your interest and wish you the best in your career journey.",noreply.workday.com,REJECTED
Your Salesforce application,"Thank you for your interest in the Software Engineer position at Salesforce. After careful consideration, the position has been filled. Thank you for your interest in our company and for applying.",notifications.lever.co,REJECTED
Regarding your application at Oracle,"We appreciate your application for the Applied Scientist role at Oracle. Unfortunately, the position has been filled. We appreciate your interest and wish you the best in your career journey.",noreply.greenhouse.io,REJECTED
Your Microsoft application,Thank you for your application to the QA Engineer position. We regret to inform you that we have concluded our hiring process. Thank you for your interest in our company and for applying.,workday.com,REJECTED
Update on your application — DoorDash,"Thank you for considering DoorDash as a potential employer. Unfortunately, we will not be moving forward. We encourage you to apply again in the future if another role aligns with your experience.",smartrecruiters.com,REJECTED
Update on your application — VMware,"Thank you for taking the time to apply to VMware. After reviewing your application, the position has been filled. Thank you for your interest in our company and for applying.",noreply.workday.com,REJECTED
Snowflake — Application Status (Product Manager),"Thank you for your interest in the Product Manager position at Snowflake. After careful consideration, we will not be moving forward. Thank you for your interest in our company and for applying.",greenhouse.io,REJECTED
Regarding your application at Bloomberg,"We value your interest in joining Bloomberg. At this time, your application was not selected. We wish you success in your future job search.",smartrecruiters.com,REJECTED
Airbnb — Application Status (Backend Engineer),"We appreciate the opportunity to review your application. However, your application was not selected. We encourage you to apply again in the future if another role aligns with your experience.",lever.co,REJECTED
Coinbase Recruiting Team — Update,"Thank you for considering Coinbase as a potential employer. Unfortunately, we have chosen to move forward with other candidates. We appreciate the time and effort you invested in your application.",myworkday.com,REJECTED
Uber: Hiring decision for Product Manager,"Thank you for considering Uber as a potential employer. Unfortunately, the position has been filled. Thank you for your interest in our company and for applying.",notifications.lever.co,REJECTED
Intuit Recruiting Team — Update,Thank you for your application to the Backend Engineer position. We regret to inform you that unfortunately. We appreciate the time and effort you invested in your application.,noreply.greenhouse.io,REJECTED
Application outcome — Coinbase,"After careful review of your background and experience, we have decided not to proceed. Thank you for your interest in our company and for applying.",myworkday.com,REJECTED
Regarding your application at Snowflake,"We value your interest in joining Snowflake. At this time, we will not be progressing with your application. We encourage you to apply again in the future if another role aligns with your experience.",myworkday.com,REJECTED
Application outcome — Okta,"We value your interest in joining Okta. At this time, your application was not selected. We wish you success in your future job search.",successfactors.com,REJECTED
Your Stripe application,"After careful review of your background and experience, we have concluded our hiring process. Thank you for your interest in our company and for applying.",successfactors.com,REJECTED
Regarding your application at Uber,Thank you for your application to the ML Engineer position. We regret to inform you that we have chosen to move forward with other candidates. We encourage you to apply again in the future if another role aligns with you,icims.com,REJECTED
Shopify — Application Status (ML Engineer),Thank you for your application to the ML Engineer position. We regret to inform you that we will not be moving forward. We appreciate your interest and wish you the best in your career journey.,noreply.greenhouse.io,REJECTED
Update on your application — DoorDash,"After careful review of your background and experience, we will not be progressing with your application. We encourage you to apply again in the future if another role aligns with your experience.",successfactors.com,REJECTED
ServiceNow Careers — ML Engineer,"We appreciate the opportunity to review your application. However, unfortunately. We encourage you to apply again in the future if another role aligns with your experience.",recruiting.company.com,REJECTED
Regarding your application at Intuit,"Thank you for your interest in the Security Engineer position at Intuit. After careful consideration, your application was not selected. We appreciate the time and effort you invested in your application.",successfactors.com,REJECTED
Application outcome — Palantir,"Thank you for considering Palantir as a potential employer. Unfortunately, we have chosen to move forward with other candidates. Thank you for your interest in our company and for applying.",myworkday.com,REJECTED
Figma Careers — ML Engineer,"We appreciate your application for the ML Engineer role at Figma. Unfortunately, we regret to inform you. We appreciate the time and effort you invested in your application.",noreply.greenhouse.io,REJECTED
Palantir Recruiting Team — Update,Thank you for your application to the ML Engineer position. We regret to inform you that we regret to inform you. Thank you for your interest in our company and for applying.,noreply.greenhouse.io,REJECTED
Update on your application — Bloomberg,"We appreciate your application for the Backend Engineer role at Bloomberg. Unfortunately, the position has been filled. Thank you for your interest in our company and for applying.",careers.company.com,REJECTED
Regarding your application at Stripe,Thank you for your application to the ML Engineer position. We regret to inform you that we have decided not to proceed. We encourage you to apply again in the future if another role aligns with your experience.,smartrecruiters.com,REJECTED
Atlassian Recruiting Team — Update,Thank you for your application to the ML Engineer position. We regret to inform you that your application was not selected. We wish you success in your future job search.,jobs.company.com,REJECTED
Notion Recruiting Team — Update,"Thank you for taking the time to apply to Notion. After reviewing your application, we have chosen to move forward with other candidates. We appreciate the time and effort you invested in your application.",recruiting.company.com,REJECTED
Google Recruiting Team — Update,"We value your interest in joining Google. At this time, your application was not selected. We wish you success in your future job search.",notifications.lever.co,REJECTED
Bloomberg Careers — Data Scientist,"Thank you for your interest in the Data Scientist position at Bloomberg. After careful consideration, the position has been filled. We encourage you to apply again in the future if another role aligns with your experienc",icims.com,REJECTED
Your ServiceNow application,"Thank you for considering ServiceNow as a potential employer. Unfortunately, unfortunately. We appreciate your interest and wish you the best in your career journey.",recruiting.company.com,REJECTED
Netflix: Hiring decision for Site Reliability Engineer,"Thank you for considering Netflix as a potential employer. Unfortunately, the position has been filled. We appreciate your interest and wish you the best in your career journey.",jobs.company.com,REJECTED
Snowflake — Application Status (Security Engineer),"Thank you for taking the time to apply to Snowflake. After reviewing your application, your application was not selected. We wish you success in your future job search.",workday.com,REJECTED
Application outcome — Coinbase,"We appreciate your application for the Site Reliability Engineer role at Coinbase. Unfortunately, the position has been filled. We appreciate your interest and wish you the best in your career journey.",notifications.lever.co,REJECTED
Application outcome — Adobe,"Thank you for taking the time to apply to Adobe. After reviewing your application, we will not be progressing with your application. Thank you for your interest in our company and for applying.",smartrecruiters.com,REJECTED
Adobe: Hiring decision for Solutions Engineer,"After careful review of your background and experience, we have chosen to move forward with other candidates. We encourage you to apply again in the future if another role aligns with your experience.",workday.com,REJECTED
Regarding your application at Oracle,"Thank you for taking the time to apply to Oracle. After reviewing your application, we have concluded our hiring process. We appreciate your interest and wish you the best in your career journey.",smartrecruiters.com,REJECTED
Update on your application — Stripe,Thank you for your application to the Frontend Engineer position. We regret to inform you that we have concluded our hiring process. We appreciate the time and effort you invested in your application.,noreply.greenhouse.io,REJECTED
Twilio: Hiring decision for Site Reliability Engineer,"Thank you for taking the time to apply to Twilio. After reviewing your application, we will not be moving forward. Thank you for your interest in our company and for applying.",icims.com,REJECTED
Regarding your application at Okta,"Thank you for taking the time to apply to Okta. After reviewing your application, we will not be moving forward. We appreciate the time and effort you invested in your application.",noreply.greenhouse.io,REJECTED
Update on your application — ServiceNow,Thank you for your application to the Security Engineer position. We regret to inform you that we have concluded our hiring process. We encourage you to apply again in the future if another role aligns with your experien,careers.company.com,REJECTED
Shopify Recruiting Team — Update,"We appreciate the opportunity to review your application. However, your application was not selected. We appreciate your interest and wish you the best in your career journey.",lever.co,REJECTED
Stripe Recruiting Team — Update,"Thank you for your interest in the ML Engineer position at Stripe. After careful consideration, we will not be moving forward. We appreciate your interest and wish you the best in your career journey.",greenhouse.io,REJECTED
Your Meta application,"After careful review of your background and experience, your application was not selected. We appreciate your interest and wish you the best in your career journey.",notifications.lever.co,REJECTED
Google — Application Status (Frontend Engineer),"We appreciate the opportunity to review your application. However, the position has been filled. Thank you for your interest in our company and for applying.",notifications.lever.co,REJECTED
VMware Recruiting Team — Update,"We value your interest in joining VMware. At this time, we will not be moving forward. Thank you for your interest in our company and for applying.",smartrecruiters.com,REJECTED
Application outcome — Bloomberg,"Thank you for considering Bloomberg as a potential employer. Unfortunately, the position has been filled. We encourage you to apply again in the future if another role aligns with your experience.",noreply.workday.com,REJECTED
Bloomberg Recruiting Team — Update,"Thank you for considering Bloomberg as a potential employer. Unfortunately, we have decided not to proceed. We wish you success in your future job search.",recruiting.company.com,REJECTED
Netflix — Application Status (Full‑Stack Engineer),"After careful review of your background and experience, we have decided not to proceed. We appreciate the time and effort you invested in your application.",noreply.greenhouse.io,REJECTED
Application outcome — Databricks,"We value your interest in joining Databricks. At this time, we will not be moving forward. Thank you for your interest in our company and for applying.",recruiting.company.com,REJECTED
Your VMware application,Thank you for your application to the Software Engineer position. We regret to inform you that the position has been filled. Thank you for your interest in our company and for applying.,recruiting.company.com,REJECTED
Bloomberg Recruiting Team — Update,Thank you for your application to the Applied Scientist position. We regret to inform you that we regret to inform you. We encourage you to apply again in the future if another role aligns with your experience.,careers.company.com,REJECTED
Regarding your application at Intuit,"We value your interest in joining Intuit. At this time, we will not be moving forward. We appreciate the time and effort you invested in your application.",noreply.greenhouse.io,REJECTED
Coinbase: Hiring decision for Security Engineer,"We appreciate your application for the Security Engineer role at Coinbase. Unfortunately, unfortunately. We encourage you to apply again in the future if another role aligns with your experience.",taleo.net,REJECTED
Update on your application — Palantir,"We appreciate your application for the Data Scientist role at Palantir. Unfortunately, we regret to inform you. We appreciate the time and effort you invested in your application.",jobs.company.com,REJECTED
Zoom Recruiting Team — Update,"Thank you for considering Zoom as a potential employer. Unfortunately, unfortunately. We encourage you to apply again in the future if another role aligns with your experience.",noreply.greenhouse.io,REJECTED
Google — Application Status (Frontend Engineer),"We appreciate the opportunity to review your application. However, your application was not selected. Thank you for your interest in our company and for applying.",greenhouse.io,REJECTED
Update on your application — Netflix,"We appreciate your application for the Frontend Engineer role at Netflix. Unfortunately, the position has been filled. We wish you success in your future job search.",greenhouse.io,REJECTED
Uber Recruiting Team — Update,"We value your interest in joining Uber. At this time, your application was not selected. Thank you for your interest in our company and for applying.",icims.com,REJECTED
Snowflake Careers — QA Engineer,"After careful review of your background and experience, we will not be progressing with your application. Thank you for your interest in our company and for applying.",successfactors.com,REJECTED
Regarding your application at ServiceNow,"Thank you for considering ServiceNow as a potential employer. Unfortunately, we will not be progressing with your application. Thank you for your interest in our company and for applying.",jobs.company.com,REJECTED
Application outcome — Tesla,"Thank you for considering Tesla as a potential employer. Unfortunately, unfortunately. We appreciate your interest and wish you the best in your career journey.",taleo.net,REJECTED
Update on your application — Google,"Thank you for considering Google as a potential employer. Unfortunately, we have decided not to proceed. We encourage you to apply again in the future if another role aligns with your experience.",noreply.workday.com,REJECTED
Your Airbnb application,"We appreciate the opportunity to review your application. However, we have decided not to proceed. We appreciate your interest and wish you the best in your career journey.",myworkday.com,REJECTED
Google — Application Status (ML Engineer),"After careful review of your background and experience, we have concluded our hiring process. We appreciate your interest and wish you the best in your career journey.",workday.com,REJECTED
Adobe Recruiting Team — Update,"We appreciate the opportunity to review your application. However, unfortunately. We appreciate your interest and wish you the best in your career journey.",workday.com,REJECTED
Update on your application — Uber,"We value your interest in joining Uber. At this time, unfortunately. We encourage you to apply again in the future if another role aligns with your experience.",successfactors.com,REJECTED
Your Tesla application,"After careful review of your background and experience, we have chosen to move forward with other candidates. Thank you for your interest in our company and for applying.",careers.company.com,REJECTED
Netflix — Application Status (Data Scientist),"Thank you for considering Netflix as a potential employer. Unfortunately, we will not be moving forward. We appreciate the time and effort you invested in your application.",smartrecruiters.com,REJECTED
Update on your application — Microsoft,"We value your interest in joining Microsoft. At this time, we will not be progressing with your application. We appreciate your interest and wish you the best in your career journey.",recruiting.company.com,REJECTED
Figma — Application Status (Software Engineer),Thank you for your application to the Software Engineer position. We regret to inform you that we have chosen to move forward with other candidates. We appreciate the time and effort you invested in your application.,workday.com,REJECTED
Update on your application — Adobe,"Thank you for considering Adobe as a potential employer. Unfortunately, we have chosen to move forward with other candidates. We appreciate your interest and wish you the best in your career journey.",recruiting.company.com,REJECTED
Coinbase Careers — Backend Engineer,"Thank you for considering Coinbase as a potential employer. Unfortunately, the position has been filled. Thank you for your interest in our company and for applying.",careers.company.com,REJECTED
Application outcome — Meta,"Thank you for considering Meta as a potential employer. Unfortunately, your application was not selected. Thank you for your interest in our company and for applying.",careers.company.com,REJECTED
Application outcome — Netflix,"We appreciate your application for the Full‑Stack Engineer role at Netflix. Unfortunately, we regret to inform you. We appreciate the time and effort you invested in your application.",successfactors.com,REJECTED
Zoom Careers — Security Engineer,"Thank you for taking the time to apply to Zoom. After reviewing your application, we have concluded our hiring process. Thank you for your interest in our company and for applying.",workday.com,REJECTED
Regarding your application at Tesla,"Thank you for considering Tesla as a potential employer. Unfortunately, your application was not selected. We encourage you to apply again in the future if another role aligns with your experience.",icims.com,REJECTED
Regarding your application at Netflix,"We value your interest in joining Netflix. At this time, your application was not selected. We appreciate the time and effort you invested in your application.",noreply.workday.com,REJECTED
Figma Recruiting Team — Update,"We appreciate your application for the Site Reliability Engineer role at Figma. Unfortunately, we will not be moving forward. We wish you success in your future job search.",workday.com,REJECTED
Update on your application — Atlassian,Thank you for your application to the Product Manager position. We regret to inform you that your application was not selected. We appreciate the time and effort you invested in your application.,noreply.workday.com,REJECTED
Amazon Recruiting Team — Update,"We appreciate your application for the Software Engineer role at Amazon. Unfortunately, your application was not selected. Thank you for your interest in our company and for applying.",noreply.workday.com,REJECTED
LinkedIn Recruiting Team — Update,"We appreciate your application for the Security Engineer role at LinkedIn. Unfortunately, we will not be progressing with your application. Thank you for your interest in our company and for applying.",jobs.company.com,REJECTED
Your Apple application,"Thank you for taking the time to apply to Apple. After reviewing your application, we regret to inform you. We appreciate your interest and wish you the best in your career journey.",careers.company.com,REJECTED
Your ServiceNow application,"Thank you for taking the time to apply to ServiceNow. After reviewing your application, we regret to inform you. We encourage you to apply again in the future if another role aligns with your experience.",jobs.company.com,REJECTED
Cisco — Application Status (Security Engineer),"We appreciate your application for the Security Engineer role at Cisco. Unfortunately, we regret to inform you. We encourage you to apply again in the future if another role aligns with your experience.",jobs.company.com,REJECTED
Shopify — Application Status (Site Reliability Engineer),"We appreciate the opportunity to review your application. However, your application was not selected. We encourage you to apply again in the future if another role aligns with your experience.",noreply.greenhouse.io,REJECTED
Palantir Recruiting Team — Update,"We appreciate the opportunity to review your application. However, we will not be progressing with your application. We wish you success in your future job search.",icims.com,REJECTED
Update on your application — Figma,"We value your interest in joining Figma. At this time, your application was not selected. Thank you for your interest in our company and for applying.",lever.co,REJECTED
Adobe: Hiring decision for QA Engineer,"Thank you for taking the time to apply to Adobe. After reviewing your application, we have chosen to move forward with other candidates. We encourage you to apply again in the future if another role aligns with your expe",smartrecruiters.com,REJECTED
Application outcome — Adobe,Thank you for your application to the DevOps Engineer position. We regret to inform you that the position has been filled. We wish you success in your future job search.,careers.company.com,REJECTED
Your Intuit application,"Thank you for your interest in the Site Reliability Engineer position at Intuit. After careful consideration, we will not be progressing with your application. Thank you for your interest in our company and for applying.",workday.com,REJECTED
Regarding your application at Tesla,"Thank you for considering Tesla as a potential employer. Unfortunately, we will not be moving forward. We encourage you to apply again in the future if another role aligns with your experience.",recruiting.company.com,REJECTED
Your Cisco application,"Thank you for your interest in the Security Engineer position at Cisco. After careful consideration, we will not be progressing with your application. We appreciate the time and effort you invested in your application.",jobs.company.com,REJECTED
Your Atlassian application,"After careful review of your background and experience, we have chosen to move forward with other candidates. We encourage you to apply again in the future if another role aligns with your experience.",smartrecruiters.com,REJECTED
VMware Careers — Applied Scientist,"We appreciate the opportunity to review your application. However, we have concluded our hiring process. We wish you success in your future job search.",notifications.lever.co,REJECTED
Intuit Careers — Site Reliability Engineer,"Thank you for taking the time to apply to Intuit. After reviewing your application, we regret to inform you. We appreciate the time and effort you invested in your application.",smartrecruiters.com,REJECTED
Tesla — Application Status (ML Engineer),"We appreciate your application for the ML Engineer role at Tesla. Unfortunately, we regret to inform you. We appreciate your interest and wish you the best in your career journey.",lever.co,REJECTED
Adobe: Hiring decision for Applied Scientist,"We appreciate your application for the Applied Scientist role at Adobe. Unfortunately, unfortunately. We encourage you to apply again in the future if another role aligns with your experience.",jobs.company.com,REJECTED
ServiceNow — Application Status (Full‑Stack Engineer),"We appreciate your application for the Full‑Stack Engineer role at ServiceNow. Unfortunately, your application was not selected. We wish you success in your future job search.",greenhouse.io,REJECTED
Application outcome — Atlassian,"We appreciate your application for the Security Engineer role at Atlassian. Unfortunately, we will not be moving forward. We encourage you to apply again in the future if another role aligns with your experience.",recruiting.company.com,REJECTED
Salesforce Recruiting Team — Update,"After careful review of your background and experience, we have decided not to proceed. We appreciate your interest and wish you the best in your career journey.",notifications.lever.co,REJECTED
Regarding your application at Nvidia,"Thank you for considering Nvidia as a potential employer. Unfortunately, unfortunately. We wish you success in your future job search.",smartrecruiters.com,REJECTED
Application outcome — Okta,"Thank you for taking the time to apply to Okta. After reviewing your application, unfortunately. We appreciate your interest and wish you the best in your career journey.",noreply.greenhouse.io,REJECTED
Netflix Recruiting Team — Update,"Thank you for considering Netflix as a potential employer. Unfortunately, we will not be progressing with your application. We encourage you to apply again in the future if another role aligns with your experience.",lever.co,REJECTED
Meta — Application Status (Data Analyst),"Thank you for your interest in the Data Analyst position at Meta. After careful consideration, we will not be progressing with your application. We wish you success in your future job search.",noreply.workday.com,REJECTED
Regarding your application at Salesforce,Thank you for your application to the ML Engineer position. We regret to inform you that we will not be moving forward. We appreciate the time and effort you invested in your application.,notifications.lever.co,REJECTED
Your Apple application,"After careful review of your background and experience, unfortunately. We appreciate your interest and wish you the best in your career journey.",noreply.greenhouse.io,REJECTED
VMware Careers — Site Reliability Engineer,"Thank you for taking the time to apply to VMware. After reviewing your application, we have concluded our hiring process. We appreciate your interest and wish you the best in your career journey.",icims.com,REJECTED
Your ServiceNow application,"Thank you for considering ServiceNow as a potential employer. Unfortunately, we regret to inform you. We appreciate your interest and wish you the best in your career journey.",jobs.company.com,REJECTED
DoorDash Recruiting Team — Update,"Thank you for taking the time to apply to DoorDash. After reviewing your application, we have chosen to move forward with other candidates. Thank you for your interest in our company and for applying.",noreply.workday.com,REJECTED
Your Intuit application,"We appreciate your application for the Site Reliability Engineer role at Intuit. Unfortunately, the position has been filled. We wish you success in your future job search.",icims.com,REJECTED
LinkedIn: Hiring decision for Software Engineer,"After careful review of your background and experience, we have decided not to proceed. We appreciate your interest and wish you the best in your career journey.",jobs.company.com,REJECTED
Application outcome — Uber,"Thank you for considering Uber as a potential employer. Unfortunately, your application was not selected. We encourage you to apply again in the future if another role aligns with your experience.",recruiting.company.com,REJECTED
Application outcome — Cisco,"Thank you for considering Cisco as a potential employer. Unfortunately, unfortunately. We wish you success in your future job search.",notifications.lever.co,REJECTED
Intuit: Hiring decision for Solutions Engineer,"We appreciate the opportunity to review your application. However, we have chosen to move forward with other candidates. We encourage you to apply again in the future if another role aligns with your experience.",greenhouse.io,REJECTED
Your Okta application,"Thank you for your interest in the Software Engineer position at Okta. After careful consideration, we have concluded our hiring process. We appreciate the time and effort you invested in your application.",notifications.lever.co,REJECTED
Application outcome — Uber,Thank you for your application to the Solutions Engineer position. We regret to inform you that your application was not selected. We encourage you to apply again in the future if another role aligns with your experience,icims.com,REJECTED
Coinbase — Application Status (Software Engineer),"We value your interest in joining Coinbase. At this time, we have decided not to proceed. Thank you for your interest in our company and for applying.",greenhouse.io,REJECTED
Nvidia Recruiting Team — Update,"We appreciate your application for the Software Engineer role at Nvidia. Unfortunately, your application was not selected. We appreciate your interest and wish you the best in your career journey.",careers.company.com,REJECTED
Application outcome — Meta,"We value your interest in joining Meta. At this time, we will not be moving forward. We appreciate the time and effort you invested in your application.",notifications.lever.co,REJECTED
Uber — Application Status (QA Engineer),"We appreciate the opportunity to review your application. However, unfortunately. We appreciate the time and effort you invested in your application.",noreply.greenhouse.io,REJECTED
Update on your application — Microsoft,Thank you for your application to the Frontend Engineer position. We regret to inform you that we will not be progressing with your application. We appreciate your interest and wish you the best in your career journey.,noreply.workday.com,REJECTED
Update on your application — ServiceNow,"We appreciate the opportunity to review your application. However, the position has been filled. We encourage you to apply again in the future if another role aligns with your experience.",smartrecruiters.com,REJECTED
Application outcome — Twilio,"Thank you for your interest in the Frontend Engineer position at Twilio. After careful consideration, we have chosen to move forward with other candidates. We appreciate your interest and wish you the best in your career",workday.com,REJECTED
Apple Recruiting Team — Update,"Thank you for considering Apple as a potential employer. Unfortunately, we have concluded our hiring process. We encourage you to apply again in the future if another role aligns with your experience.",notifications.lever.co,REJECTED
Stripe — Application Status (Solutions Engineer),"Thank you for taking the time to apply to Stripe. After reviewing your application, we regret to inform you. We wish you success in your future job search.",noreply.greenhouse.io,REJECTED
Regarding your application at VMware,"We value your interest in joining VMware. At this time, we have chosen to move forward with other candidates. We encourage you to apply again in the future if another role aligns with your experience.",careers.company.com,REJECTED
Snowflake Careers — Frontend Engineer,"Thank you for considering Snowflake as a potential employer. Unfortunately, we have chosen to move forward with other candidates. We appreciate the time and effort you invested in your application.",lever.co,REJECTED
Update on your application — Cisco,"After careful review of your background and experience, your application was not selected. We encourage you to apply again in the future if another role aligns with your experience.",lever.co,REJECTED
Netflix: Hiring decision for Data Scientist,Thank you for your application to the Data Scientist position. We regret to inform you that the position has been filled. Thank you for your interest in our company and for applying.,smartrecruiters.com,REJECTED
Netflix — Application Status (Data Scientist),"We value your interest in joining Netflix. At this time, the position has been filled. We appreciate your interest and wish you the best in your career journey.",lever.co,REJECTED
Regarding your application at Okta,"We value your interest in joining Okta. At this time, your application was not selected. Thank you for your interest in our company and for applying.",workday.com,REJECTED
Coinbase Recruiting Team — Update,"After careful review of your background and experience, unfortunately. We encourage you to apply again in the future if another role aligns with your experience.",icims.com,REJECTED
Tesla — Application Status (Full‑Stack Engineer),"Thank you for taking the time to apply to Tesla. After reviewing your application, we will not be moving forward. We wish you success in your future job search.",taleo.net,REJECTED
DoorDash: Hiring decision for Solutions Engineer,"We value your interest in joining DoorDash. At this time, the position has been filled. We appreciate the time and effort you invested in your application.",careers.company.com,REJECTED
Your Palantir application,"Thank you for considering Palantir as a potential employer. Unfortunately, we regret to inform you. We wish you success in your future job search.",workday.com,REJECTED
Oracle — Application Status (Solutions Engineer),Thank you for your application to the Solutions Engineer position. We regret to inform you that unfortunately. Thank you for your interest in our company and for applying.,icims.com,REJECTED
Your ServiceNow application,"Thank you for taking the time to apply to ServiceNow. After reviewing your application, we will not be progressing with your application. We wish you success in your future job search.",icims.com,REJECTED
Meta Careers — Backend Engineer,"We value your interest in joining Meta. At this time, we have chosen to move forward with other candidates. We encourage you to apply again in the future if another role aligns with your experience.",lever.co,REJECTED
Amazon: Hiring decision for Software Engineer,"We appreciate your application for the Software Engineer role at Amazon. Unfortunately, your application was not selected. Thank you for your interest in our company and for applying.",greenhouse.io,REJECTED
Coinbase: Hiring decision for Data Analyst,"We value your interest in joining Coinbase. At this time, the position has been filled. We encourage you to apply again in the future if another role aligns with your experience.",recruiting.company.com,REJECTED
Microsoft Recruiting Team — Update,"We appreciate the opportunity to review your application. However, we have concluded our hiring process. We encourage you to apply again in the future if another role aligns with your experience.",recruiting.company.com,REJECTED
Your Meta application,"After careful review of your background and experience, your application was not selected. We wish you success in your future job search.",smartrecruiters.com,REJECTED
Oracle Recruiting Team — Update,"Thank you for your interest in the Product Manager position at Oracle. After careful consideration, unfortunately. We appreciate the time and effort you invested in your application.",successfactors.com,REJECTED
Microsoft — Application Status (Data Analyst),"After careful review of your background and experience, we will not be moving forward. We encourage you to apply again in the future if another role aligns with your experience.",successfactors.com,REJECTED
Uber Careers — Data Scientist,"We value your interest in joining Uber. At this time, unfortunately. Thank you for your interest in our company and for applying.",successfactors.com,REJECTED
Update on your application — Palantir,"Thank you for considering Palantir as a potential employer. Unfortunately, we will not be progressing with your application. We appreciate the time and effort you invested in your application.",lever.co,REJECTED
Notion: Hiring decision for Data Scientist,"We appreciate your application for the Data Scientist role at Notion. Unfortunately, your application was not selected. Thank you for your interest in our company and for applying.",noreply.workday.com,REJECTED
Tesla Recruiting Team — Update,"Thank you for taking the time to apply to Tesla. After reviewing your application, we have chosen to move forward with other candidates. Thank you for your interest in our company and for applying.",lever.co,REJECTED
Application outcome — Shopify,"Thank you for considering Shopify as a potential employer. Unfortunately, we have decided not to proceed. We wish you success in your future job search.",jobs.company.com,REJECTED
Okta — Application Status (Software Engineer),"Thank you for your interest in the Software Engineer position at Okta. After careful consideration, we have chosen to move forward with other candidates. We wish you success in your future job search.",noreply.workday.com,REJECTED
Palantir — Application Status (Site Reliability Engineer),"We appreciate the opportunity to review your application. However, we will not be progressing with your application. We wish you success in your future job search.",noreply.workday.com,REJECTED
VMware — Application Status (QA Engineer),Thank you for your application to the QA Engineer position. We regret to inform you that your application was not selected. We encourage you to apply again in the future if another role aligns with your experience.,lever.co,REJECTED
Regarding your application at Uber,"We value your interest in joining Uber. At this time, we regret to inform you. We appreciate your interest and wish you the best in your career journey.",notifications.lever.co,REJECTED
Your Snowflake application,Thank you for your application to the Solutions Engineer position. We regret to inform you that we have concluded our hiring process. We wish you success in your future job search.,smartrecruiters.com,REJECTED
Your Amazon application,"Thank you for considering Amazon as a potential employer. Unfortunately, we have chosen to move forward with other candidates. Thank you for your interest in our company and for applying.",jobs.company.com,REJECTED
Regarding your application at Palantir,Thank you for your application to the Data Analyst position. We regret to inform you that the position has been filled. We appreciate the time and effort you invested in your application.,noreply.greenhouse.io,REJECTED
Palantir — Application Status (Applied Scientist),"After careful review of your background and experience, we regret to inform you. Thank you for your interest in our company and for applying.",successfactors.com,REJECTED
Update on your application — Oracle,"We appreciate your application for the Solutions Engineer role at Oracle. Unfortunately, the position has been filled. We appreciate the time and effort you invested in your application.",noreply.workday.com,REJECTED
Regarding your application at Meta,"Thank you for your interest in the Software Engineer position at Meta. After careful consideration, we regret to inform you. We wish you success in your future job search.",recruiting.company.com,REJECTED
Google — Application Status (Data Analyst),"Thank you for considering Google as a potential employer. Unfortunately, we regret to inform you. We appreciate the time and effort you invested in your application.",jobs.company.com,REJECTED
Meta Careers — Full‑Stack Engineer,"We value your interest in joining Meta. At this time, we have concluded our hiring process. Thank you for your interest in our company and for applying.",taleo.net,REJECTED
Update on your application — Microsoft,Thank you for your application to the ML Engineer position. We regret to inform you that we will not be progressing with your application. We appreciate the time and effort you invested in your application.,smartrecruiters.com,REJECTED
Application outcome — Figma,"We appreciate your application for the Data Analyst role at Figma. Unfortunately, the position has been filled. We appreciate the time and effort you invested in your application.",successfactors.com,REJECTED
Amazon Careers — Frontend Engineer,"Thank you for your interest in the Frontend Engineer position at Amazon. After careful consideration, we regret to inform you. Thank you for your interest in our company and for applying.",careers.company.com,REJECTED
Meta Careers — Site Reliability Engineer,"Thank you for your interest in the Site Reliability Engineer position at Meta. After careful consideration, we have chosen to move forward with other candidates. We appreciate the time and effort you invested in your app",recruiting.company.com,REJECTED
Amazon Recruiting Team — Update,"We appreciate your application for the Data Scientist role at Amazon. Unfortunately, we will not be moving forward. We encourage you to apply again in the future if another role aligns with your experience.",smartrecruiters.com,REJECTED
Regarding your application at VMware,"We value your interest in joining VMware. At this time, unfortunately. We wish you success in your future job search.",myworkday.com,REJECTED
Update on your application — Microsoft,"We appreciate your application for the Backend Engineer role at Microsoft. Unfortunately, we will not be moving forward. We encourage you to apply again in the future if another role aligns with your experience.",taleo.net,REJECTED
Update on your application — Stripe,"After careful review of your background and experience, we have concluded our hiring process. We encourage you to apply again in the future if another role aligns with your experience.",taleo.net,REJECTED
Regarding your application at Notion,"We value your interest in joining Notion. At this time, we will not be moving forward. We appreciate your interest and wish you the best in your career journey.",noreply.workday.com,REJECTED
Update on your application — Apple,"Thank you for taking the time to apply to Apple. After reviewing your application, we have decided not to proceed. Thank you for your interest in our company and for applying.",taleo.net,REJECTED
Notion — Application Status (Security Engineer),"After careful review of your background and experience, unfortunately. We appreciate your interest and wish you the best in your career journey.",successfactors.com,REJECTED
Uber — Application Status (Frontend Engineer),Thank you for your application to the Frontend Engineer position. We regret to inform you that we have concluded our hiring process. We appreciate your interest and wish you the best in your career journey.,jobs.company.com,REJECTED
Application outcome — Coinbase,"We value your interest in joining Coinbase. At this time, your application was not selected. We appreciate the time and effort you invested in your application.",successfactors.com,REJECTED
Okta — Application Status (Full‑Stack Engineer),"Thank you for taking the time to apply to Okta. After reviewing your application, we have chosen to move forward with other candidates. We appreciate your interest and wish you the best in your career journey.",noreply.workday.com,REJECTED
Your Palantir application,"We value your interest in joining Palantir. At this time, we will not be progressing with your application. Thank you for your interest in our company and for applying.",successfactors.com,REJECTED
Regarding your application at ServiceNow,"Thank you for your interest in the Applied Scientist position at ServiceNow. After careful consideration, we will not be moving forward. We appreciate your interest and wish you the best in your career journey.",noreply.greenhouse.io,REJECTED
Your Nvidia application,"Thank you for taking the time to apply to Nvidia. After reviewing your application, the position has been filled. Thank you for your interest in our company and for applying.",noreply.workday.com,REJECTED
Regarding your application at Stripe,"We value your interest in joining Stripe. At this time, we have chosen to move forward with other candidates. Thank you for your interest in our company and for applying.",successfactors.com,REJECTED
Okta: Hiring decision for QA Engineer,"Thank you for your interest in the QA Engineer position at Okta. After careful consideration, we regret to inform you. We appreciate your interest and wish you the best in your career journey.",recruiting.company.com,REJECTED
Cisco Recruiting Team — Update,"Thank you for your interest in the Software Engineer position at Cisco. After careful consideration, unfortunately. We appreciate your interest and wish you the best in your career journey.",careers.company.com,REJECTED
Update on your application — Twilio,"We appreciate your application for the Backend Engineer role at Twilio. Unfortunately, your application was not selected. We appreciate the time and effort you invested in your application.",taleo.net,REJECTED
Regarding your application at Shopify,"We appreciate the opportunity to review your application. However, we will not be moving forward. We wish you success in your future job search.",notifications.lever.co,REJECTED
Okta — Application Status (Applied Scientist),"We appreciate the opportunity to review your application. However, we regret to inform you. We appreciate your interest and wish you the best in your career journey.",workday.com,REJECTED
Salesforce: Hiring decision for Frontend Engineer,"We appreciate the opportunity to review your application. However, unfortunately. Thank you for your interest in our company and for applying.",careers.company.com,REJECTED
Regarding your application at Meta,"We value your interest in joining Meta. At this time, we regret to inform you. We appreciate the time and effort you invested in your application.",workday.com,REJECTED
Oracle: Hiring decision for Solutions Engineer,"We value your interest in joining Oracle. At this time, we have concluded our hiring process. We encourage you to apply again in the future if another role aligns with your experience.",jobs.company.com,REJECTED
Application outcome — Coinbase,"After careful review of your background and experience, we will not be moving forward. We encourage you to apply again in the future if another role aligns with your experience.",icims.com,REJECTED
Snowflake: Hiring decision for Software Engineer,"We appreciate your application for the Software Engineer role at Snowflake. Unfortunately, unfortunately. Thank you for your interest in our company and for applying.",notifications.lever.co,REJECTED
Meta Recruiting Team — Update,"We appreciate your application for the QA Engineer role at Meta. Unfortunately, we regret to inform you. We encourage you to apply again in the future if another role aligns with your experience.",smartrecruiters.com,REJECTED
Your Figma application,"We value your interest in joining Figma. At this time, unfortunately. Thank you for your interest in our company and for applying.",noreply.greenhouse.io,REJECTED
LinkedIn: Hiring decision for Security Engineer,"After careful review of your background and experience, your application was not selected. We appreciate the time and effort you invested in your application.",successfactors.com,REJECTED
Update on your application — Microsoft,"We appreciate your application for the DevOps Engineer role at Microsoft. Unfortunately, the position has been filled. We encourage you to apply again in the future if another role aligns with your experience.",careers.company.com,REJECTED
Snowflake — Application Status (Data Scientist),"Thank you for your interest in the Data Scientist position at Snowflake. After careful consideration, we have decided not to proceed. We appreciate the time and effort you invested in your application.",successfactors.com,REJECTED
Tesla: Hiring decision for Security Engineer,"Thank you for your interest in the Security Engineer position at Tesla. After careful consideration, we regret to inform you. Thank you for your interest in our company and for applying.",workday.com,REJECTED
Databricks: Hiring decision for Backend Engineer,"We appreciate your application for the Backend Engineer role at Databricks. Unfortunately, your application was not selected. Thank you for your interest in our company and for applying.",greenhouse.io,REJECTED
Your Netflix application,"We appreciate your application for the Data Scientist role at Netflix. Unfortunately, the position has been filled. Thank you for your interest in our company and for applying.",jobs.company.com,REJECTED
Regarding your application at Adobe,"We value your interest in joining Adobe. At this time, unfortunately. We appreciate your interest and wish you the best in your career journey.",greenhouse.io,REJECTED
Regarding your application at Oracle,"We appreciate your application for the QA Engineer role at Oracle. Unfortunately, unfortunately. Thank you for your interest in our company and for applying.",myworkday.com,REJECTED
Application outcome — Airbnb,"We value your interest in joining Airbnb. At this time, we will not be moving forward. Thank you for your interest in our company and for applying.",noreply.workday.com,REJECTED
Application outcome — Notion,"Thank you for your interest in the Solutions Engineer position at Notion. After careful consideration, the position has been filled. We encourage you to apply again in the future if another role aligns with your experien",taleo.net,REJECTED
Regarding your application at DoorDash,Thank you for your application to the QA Engineer position. We regret to inform you that we regret to inform you. We wish you success in your future job search.,icims.com,REJECTED
Regarding your application at Cisco,Thank you for your application to the Product Manager position. We regret to inform you that your application was not selected. We wish you success in your future job search.,recruiting.company.com,REJECTED
Airbnb — Application Status (Solutions Engineer),"Thank you for taking the time to apply to Airbnb. After reviewing your application, we will not be progressing with your application. We encourage you to apply again in the future if another role aligns with your experie",icims.com,REJECTED
Application outcome — Notion,"Thank you for your interest in the Data Scientist position at Notion. After careful consideration, we have chosen to move forward with other candidates. We encourage you to apply again in the future if another role align",successfactors.com,REJECTED
Palantir Careers — Site Reliability Engineer,"We appreciate the opportunity to review your application. However, we will not be progressing with your application. We appreciate the time and effort you invested in your application.",smartrecruiters.com,REJECTED
Your Meta application,"We appreciate the opportunity to review your application. However, your application was not selected. We wish you success in your future job search.",greenhouse.io,REJECTED
Update on your application — Bloomberg,"After careful review of your background and experience, we regret to inform you. We appreciate your interest and wish you the best in your career journey.",successfactors.com,REJECTED
VMware Recruiting Team — Update,"Thank you for taking the time to apply to VMware. After reviewing your application, we have decided not to proceed. Thank you for your interest in our company and for applying.",smartrecruiters.com,REJECTED
Update on your application — Cisco,"We appreciate the opportunity to review your application. However, we will not be progressing with your application. We encourage you to apply again in the future if another role aligns with your experience.",lever.co,REJECTED
Your DoorDash application,"Thank you for your interest in the Data Scientist position at DoorDash. After careful consideration, we have chosen to move forward with other candidates. We encourage you to apply again in the future if another role ali",notifications.lever.co,REJECTED
Application outcome — LinkedIn,"We value your interest in joining LinkedIn. At this time, we will not be moving forward. We appreciate the time and effort you invested in your application.",myworkday.com,REJECTED
Atlassian: Hiring decision for Applied Scientist,"We appreciate your application for the Applied Scientist role at Atlassian. Unfortunately, the position has been filled. We appreciate your interest and wish you the best in your career journey.",successfactors.com,REJECTED
ServiceNow Recruiting Team — Update,"Thank you for taking the time to apply to ServiceNow. After reviewing your application, we have chosen to move forward with other candidates. We appreciate your interest and wish you the best in your career journey.",greenhouse.io,REJECTED
Regarding your application at Microsoft,"Thank you for taking the time to apply to Microsoft. After reviewing your application, we have decided not to proceed. We appreciate your interest and wish you the best in your career journey.",successfactors.com,REJECTED
Microsoft: Hiring decision for DevOps Engineer,"We value your interest in joining Microsoft. At this time, the position has been filled. We encourage you to apply again in the future if another role aligns with your experience.",successfactors.com,REJECTED
Notion Recruiting Team — Update,"We appreciate the opportunity to review your application. However, unfortunately. We appreciate the time and effort you invested in your application.",greenhouse.io,REJECTED
Regarding your application at Google,"Thank you for taking the time to apply to Google. After reviewing your application, we will not be moving forward. We appreciate your interest and wish you the best in your career journey.",noreply.greenhouse.io,REJECTED
Application outcome — Amazon,"Thank you for taking the time to apply to Amazon. After reviewing your application, we will not be progressing with your application. We appreciate the time and effort you invested in your application.",lever.co,REJECTED
Regarding your application at Coinbase,"Thank you for your interest in the Data Scientist position at Coinbase. After careful consideration, we will not be moving forward. We encourage you to apply again in the future if another role aligns with your experienc",careers.company.com,REJECTED
Your Cisco application,"We value your interest in joining Cisco. At this time, we will not be moving forward. We wish you success in your future job search.",notifications.lever.co,REJECTED
Application outcome — Apple,"We appreciate the opportunity to review your application. However, we will not be progressing with your application. We encourage you to apply again in the future if another role aligns with your experience.",icims.com,REJECTED
Application outcome — Palantir,"Thank you for considering Palantir as a potential employer. Unfortunately, we will not be moving forward. Thank you for your interest in our company and for applying.",lever.co,REJECTED
Your Zoom application,"We appreciate your application for the Data Analyst role at Zoom. Unfortunately, we have concluded our hiring process. Thank you for your interest in our company and for applying.",lever.co,REJECTED
Bloomberg Recruiting Team — Update,"We appreciate the opportunity to review your application. However, we have decided not to proceed. We wish you success in your future job search.",icims.com,REJECTED
Update on your application — Zoom,"We value your interest in joining Zoom. At this time, your application was not selected. Thank you for your interest in our company and for applying.",lever.co,REJECTED
Application outcome — Adobe,"We appreciate the opportunity to review your application. However, unfortunately. Thank you for your interest in our company and for applying.",noreply.workday.com,REJECTED
ServiceNow — Application Status (DevOps Engineer),"We value your interest in joining ServiceNow. At this time, we will not be moving forward. Thank you for your interest in our company and for applying.",taleo.net,REJECTED
Your Tesla application,"Thank you for considering Tesla as a potential employer. Unfortunately, unfortunately. Thank you for your interest in our company and for applying.",jobs.company.com,REJECTED
Netflix: Hiring decision for ML Engineer,"Thank you for taking the time to apply to Netflix. After reviewing your application, we regret to inform you. Thank you for your interest in our company and for applying.",recruiting.company.com,REJECTED
Nvidia: Hiring decision for Software Engineer,"We appreciate the opportunity to review your application. However, we will not be progressing with your application. We wish you success in your future job search.",workday.com,REJECTED
Snowflake Recruiting Team — Update,"We appreciate your application for the Data Analyst role at Snowflake. Unfortunately, we have concluded our hiring process. We appreciate your interest and wish you the best in your career journey.",smartrecruiters.com,REJECTED
Your VMware application,"After careful review of your background and experience, we regret to inform you. We encourage you to apply again in the future if another role aligns with your experience.",noreply.workday.com,REJECTED
Amazon: Hiring decision for Site Reliability Engineer,Thank you for your application to the Site Reliability Engineer position. We regret to inform you that unfortunately. We appreciate the time and effort you invested in your application.,icims.com,REJECTED
Your ServiceNow application,"After careful review of your background and experience, we have concluded our hiring process. We encourage you to apply again in the future if another role aligns with your experience.",myworkday.com,REJECTED
Microsoft: Hiring decision for Software Engineer,"We appreciate your application for the Software Engineer role at Microsoft. Unfortunately, we will not be progressing with your application. We wish you success in your future job search.",noreply.workday.com,REJECTED
DoorDash Careers — Product Manager,"We value your interest in joining DoorDash. At this time, unfortunately. We appreciate the time and effort you invested in your application.",lever.co,REJECTED
Your Apple application,"Thank you for your interest in the Solutions Engineer position at Apple. After careful consideration, your application was not selected. We encourage you to apply again in the future if another role aligns with your expe",greenhouse.io,REJECTED
Tesla: Hiring decision for Data Analyst,"We appreciate the opportunity to review your application. However, the position has been filled. We appreciate the time and effort you invested in your application.",jobs.company.com,REJECTED
Apple: Hiring decision for Software Engineer,Thank you for your application to the Software Engineer position. We regret to inform you that unfortunately. We appreciate the time and effort you invested in your application.,lever.co,REJECTED
Regarding your application at Notion,"We appreciate your application for the ML Engineer role at Notion. Unfortunately, we have decided not to proceed. We appreciate your interest and wish you the best in your career journey.",recruiting.company.com,REJECTED
Update on your application — Meta,"Thank you for taking the time to apply to Meta. After reviewing your application, we will not be moving forward. We wish you success in your future job search.",icims.com,REJECTED
Update on your application — Apple,Thank you for your application to the Product Manager position. We regret to inform you that the position has been filled. We appreciate your interest and wish you the best in your career journey.,notifications.lever.co,REJECTED
Atlassian Careers — Full‑Stack Engineer,"Thank you for considering Atlassian as a potential employer. Unfortunately, unfortunately. We wish you success in your future job search.",workday.com,REJECTED
Regarding your application at Salesforce,Thank you for your application to the Applied Scientist position. We regret to inform you that the position has been filled. We wish you success in your future job search.,icims.com,REJECTED
Okta: Hiring decision for Data Scientist,Thank you for your application to the Data Scientist position. We regret to inform you that we have chosen to move forward with other candidates. We appreciate your interest and wish you the best in your career journey.,greenhouse.io,REJECTED
Your Airbnb application,"After careful review of your background and experience, your application was not selected. Thank you for your interest in our company and for applying.",careers.company.com,REJECTED
VMware Careers — Backend Engineer,Thank you for your application to the Backend Engineer position. We regret to inform you that the position has been filled. We encourage you to apply again in the future if another role aligns with your experience.,noreply.workday.com,REJECTED
Google Careers — Security Engineer,"After careful review of your background and experience, your application was not selected. We encourage you to apply again in the future if another role aligns with your experience.",lever.co,REJECTED
Your Notion application,"Thank you for taking the time to apply to Notion. After reviewing your application, your application was not selected. We appreciate the time and effort you invested in your application.",successfactors.com,REJECTED
Adobe — Application Status (Full‑Stack Engineer),Thank you for your application to the Full‑Stack Engineer position. We regret to inform you that unfortunately. We encourage you to apply again in the future if another role aligns with your experience.,jobs.company.com,REJECTED
Shopify Recruiting Team — Update,"Thank you for considering Shopify as a potential employer. Unfortunately, we regret to inform you. We encourage you to apply again in the future if another role aligns with your experience.",icims.com,REJECTED
Application outcome — Zoom,"We appreciate your application for the Applied Scientist role at Zoom. Unfortunately, we have decided not to proceed. We appreciate your interest and wish you the best in your career journey.",careers.company.com,REJECTED
Application outcome — Amazon,"We appreciate your application for the Data Scientist role at Amazon. Unfortunately, we have chosen to move forward with other candidates. We appreciate the time and effort you invested in your application.",careers.company.com,REJECTED
Application outcome — Shopify,"After careful review of your background and experience, we have chosen to move forward with other candidates. We appreciate the time and effort you invested in your application.",notifications.lever.co,REJECTED
VMware: Hiring decision for Full‑Stack Engineer,Thank you for your application to the Full‑Stack Engineer position. We regret to inform you that unfortunately. We wish you success in your future job search.,smartrecruiters.com,REJECTED
Oracle Recruiting Team — Update,"After careful review of your background and experience, unfortunately. We appreciate your interest and wish you the best in your career journey.",greenhouse.io,REJECTED
Regarding your application at Cisco,Thank you for your application to the Data Analyst position. We regret to inform you that the position has been filled. We appreciate the time and effort you invested in your application.,taleo.net,REJECTED
Regarding your application at Cisco,"Thank you for your interest in the Applied Scientist position at Cisco. After careful consideration, we have chosen to move forward with other candidates. We appreciate the time and effort you invested in your applicatio",workday.com,REJECTED
Regarding your application at Nvidia,"After careful review of your background and experience, we have chosen to move forward with other candidates. We appreciate your interest and wish you the best in your career journey.",myworkday.com,REJECTED
Google Recruiting Team — Update,"Thank you for considering Google as a potential employer. Unfortunately, we will not be moving forward. We wish you success in your future job search.",recruiting.company.com,REJECTED
Apple Recruiting Team — Update,Thank you for your application to the Site Reliability Engineer position. We regret to inform you that we will not be progressing with your application. We encourage you to apply again in the future if another role align,careers.company.com,REJECTED
Oracle Recruiting Team — Update,"After careful review of your background and experience, unfortunately. We encourage you to apply again in the future if another role aligns with your experience.",jobs.company.com,REJECTED
Update on your application — Snowflake,"After careful review of your background and experience, your application was not selected. We encourage you to apply again in the future if another role aligns with your experience.",successfactors.com,REJECTED
Application outcome — Bloomberg,"Thank you for considering Bloomberg as a potential employer. Unfortunately, we have chosen to move forward with other candidates. We appreciate your interest and wish you the best in your career journey.",smartrecruiters.com,REJECTED
Meta: Hiring decision for Product Manager,"We value your interest in joining Meta. At this time, the position has been filled. We encourage you to apply again in the future if another role aligns with your experience.",careers.company.com,REJECTED
Your Apple application,"Thank you for considering Apple as a potential employer. Unfortunately, we will not be moving forward. We wish you success in your future job search.",noreply.greenhouse.io,REJECTED
Apple Careers — Data Analyst,"We appreciate the opportunity to review your application. However, we will not be progressing with your application. We wish you success in your future job search.",careers.company.com,REJECTED
Palantir — Application Status (Software Engineer),"We appreciate your application for the Software Engineer role at Palantir. Unfortunately, we have decided not to proceed. Thank you for your interest in our company and for applying.",greenhouse.io,REJECTED
Zoom Careers — Frontend Engineer,"After careful review of your background and experience, we will not be moving forward. We appreciate your interest and wish you the best in your career journey.",greenhouse.io,REJECTED
Update on your application — Okta,"Thank you for considering Okta as a potential employer. Unfortunately, we regret to inform you. We wish you success in your future job search.",careers.company.com,REJECTED
Your Notion application,"After careful review of your background and experience, the position has been filled. We wish you success in your future job search.",noreply.workday.com,REJECTED
Application outcome — Figma,"Thank you for taking the time to apply to Figma. After reviewing your application, unfortunately. We appreciate the time and effort you invested in your application.",lever.co,REJECTED
Adobe Recruiting Team — Update,"We appreciate your application for the QA Engineer role at Adobe. Unfortunately, the position has been filled. Thank you for your interest in our company and for applying.",workday.com,REJECTED
Figma — Application Status (Site Reliability Engineer),Thank you for your application to the Site Reliability Engineer position. We regret to inform you that we have chosen to move forward with other candidates. We wish you success in your future job search.,noreply.greenhouse.io,REJECTED
Adobe Careers — ML Engineer,"Thank you for considering Adobe as a potential employer. Unfortunately, unfortunately. We appreciate the time and effort you invested in your application.",myworkday.com,REJECTED
Apple Careers — Data Scientist,"We appreciate your application for the Data Scientist role at Apple. Unfortunately, we will not be progressing with your application. Thank you for your interest in our company and for applying.",workday.com,REJECTED
Databricks Recruiting Team — Update,"Thank you for considering Databricks as a potential employer. Unfortunately, we have chosen to move forward with other candidates. We wish you success in your future job search.",workday.com,REJECTED
Your Uber application,"Thank you for your interest in the Full‑Stack Engineer position at Uber. After careful consideration, we will not be moving forward. We encourage you to apply again in the future if another role aligns with your experien",icims.com,REJECTED
Application outcome — DoorDash,Thank you for your application to the Full‑Stack Engineer position. We regret to inform you that we regret to inform you. We appreciate your interest and wish you the best in your career journey.,noreply.greenhouse.io,REJECTED
Nvidia Careers — Product Manager,"We appreciate your application for the Product Manager role at Nvidia. Unfortunately, we will not be moving forward. We wish you success in your future job search.",notifications.lever.co,REJECTED
Twilio — Application Status (Site Reliability Engineer),"We value your interest in joining Twilio. At this time, we have decided not to proceed. Thank you for your interest in our company and for applying.",myworkday.com,REJECTED
Salesforce Recruiting Team — Update,Thank you for your application to the Security Engineer position. We regret to inform you that we have chosen to move forward with other candidates. We appreciate your interest and wish you the best in your career journe,myworkday.com,REJECTED
Application outcome — DoorDash,"Thank you for taking the time to apply to DoorDash. After reviewing your application, your application was not selected. We appreciate your interest and wish you the best in your career journey.",successfactors.com,REJECTED
Regarding your application at Figma,"Thank you for your interest in the Backend Engineer position at Figma. After careful consideration, we will not be moving forward. We wish you success in your future job search.",noreply.workday.com,REJECTED
Twilio — Application Status (Security Engineer),"We appreciate your application for the Security Engineer role at Twilio. Unfortunately, we will not be moving forward. We encourage you to apply again in the future if another role aligns with your experience.",myworkday.com,REJECTED
Meta: Hiring decision for Frontend Engineer,"Thank you for taking the time to apply to Meta. After reviewing your application, we will not be progressing with your application. We appreciate the time and effort you invested in your application.",greenhouse.io,REJECTED
Update on your application — Oracle,"After careful review of your background and experience, we have concluded our hiring process. We wish you success in your future job search.",successfactors.com,REJECTED
Update on your application — Intuit,"Thank you for your interest in the Backend Engineer position at Intuit. After careful consideration, the position has been filled. Thank you for your interest in our company and for applying.",greenhouse.io,REJECTED
Zoom: Hiring decision for Backend Engineer,"After careful review of your background and experience, we have chosen to move forward with other candidates. We encourage you to apply again in the future if another role aligns with your experience.",myworkday.com,REJECTED
Your Zoom application,"We value your interest in joining Zoom. At this time, we will not be moving forward. Thank you for your interest in our company and for applying.",smartrecruiters.com,REJECTED
Meta: Hiring decision for Solutions Engineer,Thank you for your application to the Solutions Engineer position. We regret to inform you that we will not be moving forward. Thank you for your interest in our company and for applying.,successfactors.com,REJECTED
Microsoft Careers — Product Manager,"We value your interest in joining Microsoft. At this time, we have concluded our hiring process. We appreciate your interest and wish you the best in your career journey.",workday.com,REJECTED
Update on your application — Palantir,"We appreciate the opportunity to review your application. However, we regret to inform you. We wish you success in your future job search.",notifications.lever.co,REJECTED
Uber Recruiting Team — Update,"After careful review of your background and experience, we will not be moving forward. Thank you for your interest in our company and for applying.",noreply.greenhouse.io,REJECTED
Snowflake Careers — Full‑Stack Engineer,Thank you for your application to the Full‑Stack Engineer position. We regret to inform you that your application was not selected. We wish you success in your future job search.,careers.company.com,REJECTED
DoorDash: Hiring decision for Data Analyst,"We appreciate your application for the Data Analyst role at DoorDash. Unfortunately, we have chosen to move forward with other candidates. We wish you success in your future job search.",recruiting.company.com,REJECTED
Snowflake Careers — Solutions Engineer,"Thank you for taking the time to apply to Snowflake. After reviewing your application, your application was not selected. We appreciate your interest and wish you the best in your career journey.",recruiting.company.com,REJECTED
Application outcome — Netflix,"We appreciate your application for the Data Analyst role at Netflix. Unfortunately, we regret to inform you. Thank you for your interest in our company and for applying.",noreply.workday.com,REJECTED
Update on your application — Tesla,"We value your interest in joining Tesla. At this time, the position has been filled. We encourage you to apply again in the future if another role aligns with your experience.",smartrecruiters.com,REJECTED
Update on your application — Zoom,"After careful review of your background and experience, we will not be moving forward. We encourage you to apply again in the future if another role aligns with your experience.",careers.company.com,REJECTED
Figma Careers — Applied Scientist,"Thank you for taking the time to apply to Figma. After reviewing your application, unfortunately. Thank you for your interest in our company and for applying.",myworkday.com,REJECTED
Update on your application — Atlassian,"Thank you for considering Atlassian as a potential employer. Unfortunately, your application was not selected. Thank you for your interest in our company and for applying.",taleo.net,REJECTED
Update on your application — Tesla,"We appreciate the opportunity to review your application. However, the position has been filled. We appreciate the time and effort you invested in your application.",jobs.company.com,REJECTED
Application outcome — Databricks,Thank you for your application to the Data Analyst position. We regret to inform you that we will not be progressing with your application. Thank you for your interest in our company and for applying.,workday.com,REJECTED
Palantir Careers — ML Engineer,"We appreciate the opportunity to review your application. However, we will not be moving forward. We encourage you to apply again in the future if another role aligns with your experience.",icims.com,REJECTED
Your Amazon application,"We appreciate your application for the Data Scientist role at Amazon. Unfortunately, we have decided not to proceed. We appreciate the time and effort you invested in your application.",greenhouse.io,REJECTED
Application outcome — Atlassian,"After careful review of your background and experience, your application was not selected. Thank you for your interest in our company and for applying.",lever.co,REJECTED
Regarding your application at Figma,"We appreciate the opportunity to review your application. However, we will not be progressing with your application. We wish you success in your future job search.",recruiting.company.com,REJECTED
Google: Hiring decision for ML Engineer,"We value your interest in joining Google. At this time, the position has been filled. We appreciate the time and effort you invested in your application.",careers.company.com,REJECTED
Update on your application — Shopify,"Thank you for considering Shopify as a potential employer. Unfortunately, we will not be moving forward. We appreciate your interest and wish you the best in your career journey.",jobs.company.com,REJECTED
Figma — Application Status (Software Engineer),"Thank you for considering Figma as a potential employer. Unfortunately, we have concluded our hiring process. We appreciate the time and effort you invested in your application.",smartrecruiters.com,REJECTED
Atlassian — Application Status (Data Analyst),"We appreciate the opportunity to review your application. However, we regret to inform you. We encourage you to apply again in the future if another role aligns with your experience.",greenhouse.io,REJECTED
Application outcome — Tesla,"Thank you for your interest in the Applied Scientist position at Tesla. After careful consideration, your application was not selected. We appreciate your interest and wish you the best in your career journey.",successfactors.com,REJECTED
Nvidia: Hiring decision for Applied Scientist,Thank you for your application to the Applied Scientist position. We regret to inform you that the position has been filled. Thank you for your interest in our company and for applying.,taleo.net,REJECTED
Okta Recruiting Team — Update,"Thank you for considering Okta as a potential employer. Unfortunately, unfortunately. We wish you success in your future job search.",icims.com,REJECTED
Tesla Careers — Full‑Stack Engineer,"We appreciate the opportunity to review your application. However, we have decided not to proceed. We encourage you to apply again in the future if another role aligns with your experience.",icims.com,REJECTED
Your Cisco application,Thank you for your application to the Security Engineer position. We regret to inform you that we have decided not to proceed. We appreciate the time and effort you invested in your application.,notifications.lever.co,REJECTED
Oracle Careers — Backend Engineer,"We value your interest in joining Oracle. At this time, the position has been filled. We appreciate the time and effort you invested in your application.",lever.co,REJECTED
Salesforce: Hiring decision for Data Analyst,Thank you for your application to the Data Analyst position. We regret to inform you that the position has been filled. Thank you for your interest in our company and for applying.,greenhouse.io,REJECTED
Amazon: Hiring decision for Security Engineer,"We value your interest in joining Amazon. At this time, we have chosen to move forward with other candidates. We appreciate your interest and wish you the best in your career journey.",lever.co,REJECTED
DoorDash Careers — Data Scientist,"We appreciate the opportunity to review your application. However, we have decided not to proceed. We appreciate the time and effort you invested in your application.",taleo.net,REJECTED
Figma Recruiting Team — Update,"Thank you for taking the time to apply to Figma. After reviewing your application, unfortunately. Thank you for your interest in our company and for applying.",noreply.greenhouse.io,REJECTED
Bloomberg — Application Status (ML Engineer),"Thank you for considering Bloomberg as a potential employer. Unfortunately, your application was not selected. We encourage you to apply again in the future if another role aligns with your experience.",myworkday.com,REJECTED
Application outcome — Twilio,"Thank you for your interest in the Solutions Engineer position at Twilio. After careful consideration, we will not be progressing with your application. Thank you for your interest in our company and for applying.",noreply.workday.com,REJECTED
Regarding your application at Meta,"We appreciate the opportunity to review your application. However, we will not be moving forward. We appreciate the time and effort you invested in your application.",recruiting.company.com,REJECTED
Cisco Careers — Frontend Engineer,"We appreciate the opportunity to review your application. However, we will not be progressing with your application. We appreciate your interest and wish you the best in your career journey.",taleo.net,REJECTED
Application outcome — Cisco,Thank you for your application to the DevOps Engineer position. We regret to inform you that we will not be progressing with your application. Thank you for your interest in our company and for applying.,lever.co,REJECTED
Salesforce Careers — DevOps Engineer,"Thank you for considering Salesforce as a potential employer. Unfortunately, the position has been filled. We wish you success in your future job search.",greenhouse.io,REJECTED
Regarding your application at Okta,Thank you for your application to the Data Scientist position. We regret to inform you that we have concluded our hiring process. We encourage you to apply again in the future if another role aligns with your experience.,workday.com,REJECTED
Your Intuit application,"Thank you for considering Intuit as a potential employer. Unfortunately, we have concluded our hiring process. We appreciate the time and effort you invested in your application.",greenhouse.io,REJECTED
Update on your application — Uber,"Thank you for considering Uber as a potential employer. Unfortunately, the position has been filled. We wish you success in your future job search.",recruiting.company.com,REJECTED
Update on your application — Databricks,Thank you for your application to the Applied Scientist position. We regret to inform you that we have concluded our hiring process. We wish you success in your future job search.,myworkday.com,REJECTED
Update on your application — Adobe,"Thank you for taking the time to apply to Adobe. After reviewing your application, we will not be progressing with your application. We wish you success in your future job search.",icims.com,REJECTED
Update on your application — Intuit,"Thank you for considering Intuit as a potential employer. Unfortunately, unfortunately. We appreciate your interest and wish you the best in your career journey.",successfactors.com,REJECTED
VMware Careers — Full‑Stack Engineer,"After careful review of your background and experience, the position has been filled. We encourage you to apply again in the future if another role aligns with your experience.",myworkday.com,REJECTED
Uber Recruiting Team — Update,"Thank you for your interest in the QA Engineer position at Uber. After careful consideration, we have concluded our hiring process. We appreciate the time and effort you invested in your application.",icims.com,REJECTED
Zoom: Hiring decision for Applied Scientist,"Thank you for your interest in the Applied Scientist position at Zoom. After careful consideration, unfortunately. Thank you for your interest in our company and for applying.",taleo.net,REJECTED
Coinbase — Application Status (Solutions Engineer),"We appreciate the opportunity to review your application. However, we have concluded our hiring process. We appreciate your interest and wish you the best in your career journey.",taleo.net,REJECTED
Regarding your application at Databricks,Thank you for your application to the Security Engineer position. We regret to inform you that we will not be moving forward. We encourage you to apply again in the future if another role aligns with your experience.,noreply.workday.com,REJECTED
Nvidia Recruiting Team — Update,Thank you for your application to the Backend Engineer position. We regret to inform you that we will not be progressing with your application. We appreciate the time and effort you invested in your application.,taleo.net,REJECTED
Regarding your application at Atlassian,Thank you for your application to the QA Engineer position. We regret to inform you that we have chosen to move forward with other candidates. We appreciate your interest and wish you the best in your career journey.,recruiting.company.com,REJECTED
Snowflake: Hiring decision for Frontend Engineer,"Thank you for your interest in the Frontend Engineer position at Snowflake. After careful consideration, we will not be moving forward. Thank you for your interest in our company and for applying.",recruiting.company.com,REJECTED
Coinbase Recruiting Team — Update,"We appreciate the opportunity to review your application. However, your application was not selected. We appreciate the time and effort you invested in your application.",jobs.company.com,REJECTED
Microsoft — Application Status (Data Scientist),"Thank you for considering Microsoft as a potential employer. Unfortunately, we have decided not to proceed. We wish you success in your future job search.",smartrecruiters.com,REJECTED
Stripe Careers — Solutions Engineer,"After careful review of your background and experience, unfortunately. We encourage you to apply again in the future if another role aligns with your experience.",careers.company.com,REJECTED
Cisco — Application Status (Product Manager),"Thank you for your interest in the Product Manager position at Cisco. After careful consideration, unfortunately. We encourage you to apply again in the future if another role aligns with your experience.",workday.com,REJECTED
Coinbase: Hiring decision for Product Manager,"Thank you for taking the time to apply to Coinbase. After reviewing your application, unfortunately. We appreciate the time and effort you invested in your application.",smartrecruiters.com,REJECTED
DoorDash Careers — Data Analyst,"Thank you for your interest in the Data Analyst position at DoorDash. After careful consideration, the position has been filled. We encourage you to apply again in the future if another role aligns with your experience.",myworkday.com,REJECTED
Microsoft Recruiting Team — Update,"Thank you for considering Microsoft as a potential employer. Unfortunately, we regret to inform you. Thank you for your interest in our company and for applying.",notifications.lever.co,REJECTED
Bloomberg Recruiting Team — Update,"We appreciate your application for the Data Analyst role at Bloomberg. Unfortunately, we have chosen to move forward with other candidates. We appreciate your interest and wish you the best in your career journey.",careers.company.com,REJECTED
Microsoft — Application Status (QA Engineer),"Thank you for your interest in the QA Engineer position at Microsoft. After careful consideration, unfortunately. We appreciate the time and effort you invested in your application.",careers.company.com,REJECTED
Airbnb Careers — Full‑Stack Engineer,"Thank you for your interest in the Full‑Stack Engineer position at Airbnb. After careful consideration, we will not be moving forward. We appreciate the time and effort you invested in your application.",jobs.company.com,REJECTED
VMware Recruiting Team — Update,"We appreciate your application for the ML Engineer role at VMware. Unfortunately, we have chosen to move forward with other candidates. We encourage you to apply again in the future if another role aligns with your exper",notifications.lever.co,REJECTED
Airbnb Recruiting Team — Update,"Thank you for taking the time to apply to Airbnb. After reviewing your application, we will not be progressing with your application. We encourage you to apply again in the future if another role aligns with your experie",workday.com,REJECTED
Microsoft Careers — QA Engineer,"We value your interest in joining Microsoft. At this time, we have chosen to move forward with other candidates. We wish you success in your future job search.",notifications.lever.co,REJECTED
Apple — Application Status (Applied Scientist),Thank you for your application to the Applied Scientist position. We regret to inform you that unfortunately. We appreciate your interest and wish you the best in your career journey.,careers.company.com,REJECTED
Application outcome — Twilio,"Thank you for your interest in the Site Reliability Engineer position at Twilio. After careful consideration, we have decided not to proceed. Thank you for your interest in our company and for applying.",taleo.net,REJECTED
Update on your application — Microsoft,"We appreciate the opportunity to review your application. However, we will not be moving forward. We appreciate the time and effort you invested in your application.",workday.com,REJECTED
Update on your application — Cisco,"After careful review of your background and experience, unfortunately. Thank you for your interest in our company and for applying.",notifications.lever.co,REJECTED
Regarding your application at Atlassian,"After careful review of your background and experience, we have decided not to proceed. Thank you for your interest in our company and for applying.",careers.company.com,REJECTED
Application outcome — Google,"After careful review of your background and experience, we regret to inform you. We appreciate the time and effort you invested in your application.",icims.com,REJECTED
Zoom: Hiring decision for Applied Scientist,"Thank you for taking the time to apply to Zoom. After reviewing your application, unfortunately. Thank you for your interest in our company and for applying.",successfactors.com,REJECTED
Coinbase — Application Status (DevOps Engineer),"We appreciate your application for the DevOps Engineer role at Coinbase. Unfortunately, unfortunately. Thank you for your interest in our company and for applying.",recruiting.company.com,REJECTED
Regarding your application at Atlassian,"Thank you for considering Atlassian as a potential employer. Unfortunately, the position has been filled. We appreciate your interest and wish you the best in your career journey.",smartrecruiters.com,REJECTED
Regarding your application at Salesforce,"After careful review of your background and experience, we have decided not to proceed. Thank you for your interest in our company and for applying.",notifications.lever.co,REJECTED
Your Salesforce application,"Thank you for taking the time to apply to Salesforce. After reviewing your application, we regret to inform you. Thank you for your interest in our company and for applying.",jobs.company.com,REJECTED
DoorDash Careers — Data Scientist,"We appreciate your application for the Data Scientist role at DoorDash. Unfortunately, we will not be moving forward. We appreciate the time and effort you invested in your application.",icims.com,REJECTED
Shopify — Application Status (ML Engineer),"Thank you for your interest in the ML Engineer position at Shopify. After careful consideration, we will not be progressing with your application. We encourage you to apply again in the future if another role aligns with",workday.com,REJECTED
Application outcome — LinkedIn,"We appreciate your application for the QA Engineer role at LinkedIn. Unfortunately, your application was not selected. We encourage you to apply again in the future if another role aligns with your experience.",noreply.workday.com,REJECTED
Snowflake: Hiring decision for Full‑Stack Engineer,"After careful review of your background and experience, we regret to inform you. We appreciate your interest and wish you the best in your career journey.",notifications.lever.co,REJECTED
Stripe — Application Status (Backend Engineer),"We appreciate the opportunity to review your application. However, unfortunately. We appreciate the time and effort you invested in your application.",noreply.greenhouse.io,REJECTED
Notion: Hiring decision for QA Engineer,Thank you for your application to the QA Engineer position. We regret to inform you that we will not be moving forward. We appreciate your interest and wish you the best in your career journey.,recruiting.company.com,REJECTED
Regarding your application at Microsoft,"We appreciate your application for the Backend Engineer role at Microsoft. Unfortunately, your application was not selected. We encourage you to apply again in the future if another role aligns with your experience.",taleo.net,REJECTED
Regarding your application at VMware,"We appreciate your application for the Site Reliability Engineer role at VMware. Unfortunately, unfortunately. We appreciate the time and effort you invested in your application.",notifications.lever.co,REJECTED
Uber: Hiring decision for Applied Scientist,"After careful review of your background and experience, the position has been filled. We wish you success in your future job search.",icims.com,REJECTED
Coinbase Recruiting Team — Update,"Thank you for your interest in the Security Engineer position at Coinbase. After careful consideration, unfortunately. We appreciate your interest and wish you the best in your career journey.",myworkday.com,REJECTED
Tesla Careers — Data Scientist,Thank you for your application to the Data Scientist position. We regret to inform you that we regret to inform you. We appreciate your interest and wish you the best in your career journey.,careers.company.com,REJECTED
Shopify — Application Status (Security Engineer),"We appreciate your application for the Security Engineer role at Shopify. Unfortunately, we have concluded our hiring process. We wish you success in your future job search.",jobs.company.com,REJECTED
Your Amazon application,"Thank you for considering Amazon as a potential employer. Unfortunately, we regret to inform you. We appreciate the time and effort you invested in your application.",notifications.lever.co,REJECTED
Your Coinbase application,"Thank you for your interest in the DevOps Engineer position at Coinbase. After careful consideration, we have concluded our hiring process. Thank you for your interest in our company and for applying.",greenhouse.io,REJECTED
Update on your application — DoorDash,"After careful review of your background and experience, we have concluded our hiring process. We appreciate the time and effort you invested in your application.",careers.company.com,REJECTED
Shopify — Application Status (ML Engineer),"We appreciate the opportunity to review your application. However, we regret to inform you. We appreciate the time and effort you invested in your application.",jobs.company.com,REJECTED
Your Snowflake application,"We appreciate the opportunity to review your application. However, we regret to inform you. We appreciate the time and effort you invested in your application.",smartrecruiters.com,REJECTED
Update on your application — Palantir,"Thank you for considering Palantir as a potential employer. Unfortunately, we regret to inform you. Thank you for your interest in our company and for applying.",icims.com,REJECTED
Your Cisco application,"Thank you for considering Cisco as a potential employer. Unfortunately, unfortunately. We wish you success in your future job search.",workday.com,REJECTED
Application outcome — Okta,"After careful review of your background and experience, your application was not selected. Thank you for your interest in our company and for applying.",smartrecruiters.com,REJECTED
Cisco — Application Status (Frontend Engineer),"Thank you for your interest in the Frontend Engineer position at Cisco. After careful consideration, we regret to inform you. We appreciate the time and effort you invested in your application.",lever.co,REJECTED
Update on your application — Zoom,"Thank you for your interest in the ML Engineer position at Zoom. After careful consideration, we have decided not to proceed. We appreciate the time and effort you invested in your application.",taleo.net,REJECTED
Uber — Application Status (ML Engineer),"Thank you for your interest in the ML Engineer position at Uber. After careful consideration, we have decided not to proceed. We encourage you to apply again in the future if another role aligns with your experience.",jobs.company.com,REJECTED
Salesforce Recruiting Team — Update,"Thank you for taking the time to apply to Salesforce. After reviewing your application, we will not be moving forward. We encourage you to apply again in the future if another role aligns with your experience.",lever.co,REJECTED
Your Airbnb application,"Thank you for your interest in the Data Scientist position at Airbnb. After careful consideration, your application was not selected. We appreciate your interest and wish you the best in your career journey.",noreply.greenhouse.io,REJECTED
Palantir Careers — ML Engineer,"We appreciate your application for the ML Engineer role at Palantir. Unfortunately, we will not be moving forward. We appreciate your interest and wish you the best in your career journey.",noreply.workday.com,REJECTED
Update on your application — Tesla,"Thank you for taking the time to apply to Tesla. After reviewing your application, we have decided not to proceed. We appreciate your interest and wish you the best in your career journey.",greenhouse.io,REJECTED
VMware — Application Status (Data Scientist),"We appreciate the opportunity to review your application. However, we have chosen to move forward with other candidates. We appreciate the time and effort you invested in your application.",recruiting.company.com,REJECTED
Application outcome — Atlassian,"We appreciate the opportunity to review your application. However, we have decided not to proceed. We encourage you to apply again in the future if another role aligns with your experience.",greenhouse.io,REJECTED
Application outcome — Uber,"After careful review of your background and experience, we will not be moving forward. We wish you success in your future job search.",jobs.company.com,REJECTED
ServiceNow: Hiring decision for Security Engineer,"We appreciate your application for the Security Engineer role at ServiceNow. Unfortunately, we will not be progressing with your application. We appreciate your interest and wish you the best in your career journey.",jobs.company.com,REJECTED
Okta Careers — DevOps Engineer,"Thank you for taking the time to apply to Okta. After reviewing your application, we have chosen to move forward with other candidates. We encourage you to apply again in the future if another role aligns with your exper",icims.com,REJECTED
Uber Recruiting Team — Update,"Thank you for taking the time to apply to Uber. After reviewing your application, we regret to inform you. We encourage you to apply again in the future if another role aligns with your experience.",notifications.lever.co,REJECTED
Snowflake: Hiring decision for Site Reliability Engineer,"Thank you for your interest in the Site Reliability Engineer position at Snowflake. After careful consideration, we will not be progressing with your application. We wish you success in your future job search.",noreply.greenhouse.io,REJECTED
Meta Careers — Software Engineer,Thank you for your application to the Software Engineer position. We regret to inform you that the position has been filled. Thank you for your interest in our company and for applying.,greenhouse.io,REJECTED
Regarding your application at Bloomberg,"Thank you for considering Bloomberg as a potential employer. Unfortunately, we have concluded our hiring process. Thank you for your interest in our company and for applying.",myworkday.com,REJECTED
Atlassian Careers — Software Engineer,Thank you for your application to the Software Engineer position. We regret to inform you that we will not be progressing with your application. We encourage you to apply again in the future if another role aligns with y,taleo.net,REJECTED
Your Palantir application,"We value your interest in joining Palantir. At this time, we regret to inform you. We wish you success in your future job search.",lever.co,REJECTED
Salesforce — Application Status (ML Engineer),"Thank you for your interest in the ML Engineer position at Salesforce. After careful consideration, we have concluded our hiring process. We encourage you to apply again in the future if another role aligns with your exp",icims.com,REJECTED
Tesla: Hiring decision for QA Engineer,"We appreciate your application for the QA Engineer role at Tesla. Unfortunately, we have chosen to move forward with other candidates. We appreciate the time and effort you invested in your application.",taleo.net,REJECTED
Databricks: Hiring decision for Frontend Engineer,"We appreciate the opportunity to review your application. However, the position has been filled. We appreciate the time and effort you invested in your application.",careers.company.com,REJECTED
VMware: Hiring decision for Site Reliability Engineer,"Thank you for considering VMware as a potential employer. Unfortunately, we will not be moving forward. We encourage you to apply again in the future if another role aligns with your experience.",careers.company.com,REJECTED
Airbnb — Application Status (Backend Engineer),"We appreciate the opportunity to review your application. However, we have decided not to proceed. We appreciate the time and effort you invested in your application.",myworkday.com,REJECTED
Uber: Hiring decision for Applied Scientist,"Thank you for your interest in the Applied Scientist position at Uber. After careful consideration, we will not be progressing with your application. We encourage you to apply again in the future if another role aligns w",notifications.lever.co,REJECTED
Atlassian — Application Status (QA Engineer),"Thank you for considering Atlassian as a potential employer. Unfortunately, we will not be moving forward. We encourage you to apply again in the future if another role aligns with your experience.",myworkday.com,REJECTED
Application outcome — Meta,"After careful review of your background and experience, we have decided not to proceed. We encourage you to apply again in the future if another role aligns with your experience.",jobs.company.com,REJECTED
Figma Careers — Applied Scientist,Thank you for your application to the Applied Scientist position. We regret to inform you that the position has been filled. We wish you success in your future job search.,notifications.lever.co,REJECTED
Airbnb: Hiring decision for Site Reliability Engineer,"We appreciate the opportunity to review your application. However, we will not be progressing with your application. We wish you success in your future job search.",noreply.greenhouse.io,REJECTED
Application outcome — Microsoft,"Thank you for your interest in the Solutions Engineer position at Microsoft. After careful consideration, we have decided not to proceed. We wish you success in your future job search.",jobs.company.com,REJECTED
Application outcome — Databricks,"We appreciate your application for the Full‑Stack Engineer role at Databricks. Unfortunately, we will not be progressing with your application. Thank you for your interest in our company and for applying.",noreply.workday.com,REJECTED
LinkedIn Recruiting Team — Update,"We appreciate your application for the Backend Engineer role at LinkedIn. Unfortunately, we will not be progressing with your application. We appreciate your interest and wish you the best in your career journey.",myworkday.com,REJECTED
Microsoft — Application Status (Data Scientist),Thank you for your application to the Data Scientist position. We regret to inform you that we will not be moving forward. We wish you success in your future job search.,jobs.company.com,REJECTED
Regarding your application at Notion,"Thank you for taking the time to apply to Notion. After reviewing your application, your application was not selected. We wish you success in your future job search.",recruiting.company.com,REJECTED
Atlassian Careers — Full‑Stack Engineer,"Thank you for taking the time to apply to Atlassian. After reviewing your application, we have concluded our hiring process. We wish you success in your future job search.",jobs.company.com,REJECTED
Update on your application — Airbnb,"After careful review of your background and experience, we have concluded our hiring process. Thank you for your interest in our company and for applying.",lever.co,REJECTED
Update on your application — Salesforce,"Thank you for taking the time to apply to Salesforce. After reviewing your application, unfortunately. We encourage you to apply again in the future if another role aligns with your experience.",jobs.company.com,REJECTED
Application outcome — Okta,"Thank you for taking the time to apply to Okta. After reviewing your application, your application was not selected. Thank you for your interest in our company and for applying.",lever.co,REJECTED
Netflix Careers — Data Scientist,Thank you for your application to the Data Scientist position. We regret to inform you that we have chosen to move forward with other candidates. We encourage you to apply again in the future if another role aligns with,lever.co,REJECTED
Adobe: Hiring decision for QA Engineer,"We appreciate the opportunity to review your application. However, we have concluded our hiring process. We appreciate your interest and wish you the best in your career journey.",jobs.company.com,REJECTED
Application outcome — Palantir,Thank you for your application to the Product Manager position. We regret to inform you that we have concluded our hiring process. We wish you success in your future job search.,notifications.lever.co,REJECTED
Stripe — Application Status (Frontend Engineer),"We appreciate the opportunity to review your application. However, we have decided not to proceed. We appreciate your interest and wish you the best in your career journey.",successfactors.com,REJECTED
Application outcome — Nvidia,Thank you for your application to the ML Engineer position. We regret to inform you that the position has been filled. We appreciate your interest and wish you the best in your career journey.,successfactors.com,REJECTED
Snowflake — Application Status (Solutions Engineer),"We value your interest in joining Snowflake. At this time, we regret to inform you. We encourage you to apply again in the future if another role aligns with your experience.",noreply.greenhouse.io,REJECTED
Bloomberg Careers — Full‑Stack Engineer,"We appreciate the opportunity to review your application. However, we have chosen to move forward with other candidates. We appreciate your interest and wish you the best in your career journey.",noreply.greenhouse.io,REJECTED
VMware: Hiring decision for Data Scientist,"We appreciate the opportunity to review your application. However, unfortunately. We encourage you to apply again in the future if another role aligns with your experience.",smartrecruiters.com,REJECTED
Twilio — Application Status (Product Manager),"We appreciate your application for the Product Manager role at Twilio. Unfortunately, your application was not selected. Thank you for your interest in our company and for applying.",successfactors.com,REJECTED
Regarding your application at Salesforce,Thank you for your application to the Software Engineer position. We regret to inform you that we regret to inform you. We wish you success in your future job search.,noreply.workday.com,REJECTED
Google — Application Status (Software Engineer),Thank you for your application to the Software Engineer position. We regret to inform you that we will not be progressing with your application. We wish you success in your future job search.,noreply.greenhouse.io,REJECTED
Regarding your application at Stripe,Thank you for your application to the DevOps Engineer position. We regret to inform you that we have decided not to proceed. We appreciate the time and effort you invested in your application.,recruiting.company.com,REJECTED
Update on your application — Netflix,"After careful review of your background and experience, the position has been filled. We appreciate the time and effort you invested in your application.",icims.com,REJECTED
Application outcome — Notion,"Thank you for your interest in the Solutions Engineer position at Notion. After careful consideration, we have chosen to move forward with other candidates. We wish you success in your future job search.",icims.com,REJECTED
Application outcome — Notion,"Thank you for considering Notion as a potential employer. Unfortunately, we have concluded our hiring process. We encourage you to apply again in the future if another role aligns with your experience.",icims.com,REJECTED
Shopify Careers — Backend Engineer,"We appreciate your application for the Backend Engineer role at Shopify. Unfortunately, the position has been filled. We wish you success in your future job search.",myworkday.com,REJECTED
Palantir: Hiring decision for ML Engineer,Thank you for your application to the ML Engineer position. We regret to inform you that we have decided not to proceed. We appreciate the time and effort you invested in your application.,workday.com,REJECTED
Twilio — Application Status (Backend Engineer),"Thank you for considering Twilio as a potential employer. Unfortunately, we will not be moving forward. We appreciate the time and effort you invested in your application.",noreply.greenhouse.io,REJECTED
DoorDash: Hiring decision for Software Engineer,"Thank you for taking the time to apply to DoorDash. After reviewing your application, your application was not selected. We wish you success in your future job search.",icims.com,REJECTED
Application outcome — Amazon,"Thank you for considering Amazon as a potential employer. Unfortunately, we will not be moving forward. We appreciate the time and effort you invested in your application.",icims.com,REJECTED
Amazon — Application Status (Backend Engineer),"After careful review of your background and experience, unfortunately. Thank you for your interest in our company and for applying.",myworkday.com,REJECTED
Your Figma application,"We appreciate the opportunity to review your application. However, the position has been filled. We appreciate your interest and wish you the best in your career journey.",taleo.net,REJECTED
Coinbase — Application Status (Software Engineer),"We appreciate the opportunity to review your application. However, we will not be moving forward. We encourage you to apply again in the future if another role aligns with your experience.",taleo.net,REJECTED
Google — Application Status (Full‑Stack Engineer),"Thank you for considering Google as a potential employer. Unfortunately, we regret to inform you. We encourage you to apply again in the future if another role aligns with your experience.",icims.com,REJECTED
Atlassian: Hiring decision for Backend Engineer,Thank you for your application to the Backend Engineer position. We regret to inform you that we regret to inform you. We appreciate the time and effort you invested in your application.,noreply.workday.com,REJECTED
Application outcome — ServiceNow,"After careful review of your background and experience, we have concluded our hiring process. We appreciate your interest and wish you the best in your career journey.",noreply.greenhouse.io,REJECTED
Tesla Careers — Solutions Engineer,"Thank you for taking the time to apply to Tesla. After reviewing your application, we have chosen to move forward with other candidates. We appreciate your interest and wish you the best in your career journey.",lever.co,REJECTED
Okta — Application Status (Product Manager),"Thank you for taking the time to apply to Okta. After reviewing your application, your application was not selected. Thank you for your interest in our company and for applying.",careers.company.com,REJECTED
Application outcome — Oracle,"Thank you for your interest in the Full‑Stack Engineer position at Oracle. After careful consideration, we have chosen to move forward with other candidates. We encourage you to apply again in the future if another role ",successfactors.com,REJECTED
Application outcome — Palantir,"We appreciate your application for the Software Engineer role at Palantir. Unfortunately, unfortunately. We wish you success in your future job search.",careers.company.com,REJECTED
Nvidia Recruiting Team — Update,Thank you for your application to the Data Scientist position. We regret to inform you that unfortunately. We wish you success in your future job search.,noreply.greenhouse.io,REJECTED
LinkedIn Careers — Solutions Engineer,"Thank you for taking the time to apply to LinkedIn. After reviewing your application, the position has been filled. We appreciate your interest and wish you the best in your career journey.",greenhouse.io,REJECTED
Regarding your application at Uber,"Thank you for considering Uber as a potential employer. Unfortunately, we regret to inform you. Thank you for your interest in our company and for applying.",noreply.workday.com,REJECTED
Your Netflix application,"We value your interest in joining Netflix. At this time, we will not be moving forward. We encourage you to apply again in the future if another role aligns with your experience.",workday.com,REJECTED
Application outcome — Databricks,"Thank you for considering Databricks as a potential employer. Unfortunately, the position has been filled. We appreciate your interest and wish you the best in your career journey.",successfactors.com,REJECTED
Update on your application — Bloomberg,"We appreciate your application for the Data Analyst role at Bloomberg. Unfortunately, your application was not selected. We wish you success in your future job search.",icims.com,REJECTED
Regarding your application at Atlassian,"Thank you for taking the time to apply to Atlassian. After reviewing your application, we will not be progressing with your application. Thank you for your interest in our company and for applying.",jobs.company.com,REJECTED
Shopify — Application Status (DevOps Engineer),"Thank you for considering Shopify as a potential employer. Unfortunately, unfortunately. We appreciate the time and effort you invested in your application.",smartrecruiters.com,REJECTED
Microsoft: Hiring decision for Solutions Engineer,"Thank you for considering Microsoft as a potential employer. Unfortunately, we have concluded our hiring process. We appreciate the time and effort you invested in your application.",notifications.lever.co,REJECTED
Application outcome — Coinbase,"We appreciate the opportunity to review your application. However, we will not be progressing with your application. We appreciate the time and effort you invested in your application.",jobs.company.com,REJECTED
Tesla: Hiring decision for Backend Engineer,"Thank you for your interest in the Backend Engineer position at Tesla. After careful consideration, we have chosen to move forward with other candidates. We appreciate your interest and wish you the best in your career j",recruiting.company.com,REJECTED
Your Adobe application,"Thank you for your interest in the Data Scientist position at Adobe. After careful consideration, we will not be moving forward. Thank you for your interest in our company and for applying.",greenhouse.io,REJECTED
Snowflake Careers — Data Scientist,"After careful review of your background and experience, unfortunately. We appreciate your interest and wish you the best in your career journey.",taleo.net,REJECTED
Databricks — Application Status (Product Manager),"Thank you for taking the time to apply to Databricks. After reviewing your application, we have chosen to move forward with other candidates. We encourage you to apply again in the future if another role aligns with your",smartrecruiters.com,REJECTED
Apple Recruiting Team — Update,"Thank you for taking the time to apply to Apple. After reviewing your application, we will not be moving forward. We encourage you to apply again in the future if another role aligns with your experience.",recruiting.company.com,REJECTED
VMware — Application Status (Frontend Engineer),"Thank you for considering VMware as a potential employer. Unfortunately, we will not be progressing with your application. We appreciate the time and effort you invested in your application.",lever.co,REJECTED
Figma: Hiring decision for QA Engineer,"We appreciate your application for the QA Engineer role at Figma. Unfortunately, we have chosen to move forward with other candidates. We wish you success in your future job search.",successfactors.com,REJECTED
Databricks: Hiring decision for QA Engineer,"Thank you for considering Databricks as a potential employer. Unfortunately, we will not be moving forward. We appreciate your interest and wish you the best in your career journey.",workday.com,REJECTED
Application outcome — Meta,"Thank you for taking the time to apply to Meta. After reviewing your application, unfortunately. We encourage you to apply again in the future if another role aligns with your experience.",smartrecruiters.com,REJECTED
Netflix: Hiring decision for Product Manager,"After careful review of your background and experience, we have chosen to move forward with other candidates. We appreciate the time and effort you invested in your application.",noreply.greenhouse.io,REJECTED
Your Nvidia application,"After careful review of your background and experience, we will not be moving forward. Thank you for your interest in our company and for applying.",workday.com,REJECTED
ServiceNow Careers — ML Engineer,Thank you for your application to the ML Engineer position. We regret to inform you that we regret to inform you. We wish you success in your future job search.,icims.com,REJECTED
Regarding your application at Twilio,"Thank you for your interest in the Frontend Engineer position at Twilio. After careful consideration, your application was not selected. Thank you for your interest in our company and for applying.",lever.co,REJECTED
Your Uber application,"We value your interest in joining Uber. At this time, we have chosen to move forward with other candidates. We appreciate the time and effort you invested in your application.",workday.com,REJECTED
Databricks: Hiring decision for QA Engineer,"We appreciate the opportunity to review your application. However, unfortunately. We wish you success in your future job search.",icims.com,REJECTED
Atlassian Careers — Full‑Stack Engineer,"Thank you for taking the time to apply to Atlassian. After reviewing your application, we have decided not to proceed. We appreciate your interest and wish you the best in your career journey.",workday.com,REJECTED
Shopify: Hiring decision for Data Analyst,"Thank you for your interest in the Data Analyst position at Shopify. After careful consideration, we will not be progressing with your application. We wish you success in your future job search.",noreply.greenhouse.io,REJECTED
Regarding your application at Netflix,"Thank you for taking the time to apply to Netflix. After reviewing your application, we will not be moving forward. We appreciate your interest and wish you the best in your career journey.",workday.com,REJECTED
DoorDash Careers — DevOps Engineer,"Thank you for your interest in the DevOps Engineer position at DoorDash. After careful consideration, the position has been filled. We appreciate the time and effort you invested in your application.",taleo.net,REJECTED
Update on your application — Coinbase,"We value your interest in joining Coinbase. At this time, your application was not selected. Thank you for your interest in our company and for applying.",smartrecruiters.com,REJECTED
Atlassian: Hiring decision for DevOps Engineer,Thank you for your application to the DevOps Engineer position. We regret to inform you that we regret to inform you. We appreciate your interest and wish you the best in your career journey.,myworkday.com,REJECTED
Zoom: Hiring decision for DevOps Engineer,Thank you for your application to the DevOps Engineer position. We regret to inform you that we regret to inform you. We appreciate your interest and wish you the best in your career journey.,icims.com,REJECTED
Update on your application — LinkedIn,Thank you for your application to the Full‑Stack Engineer position. We regret to inform you that the position has been filled. Thank you for your interest in our company and for applying.,jobs.company.com,REJECTED
Salesforce Careers — Applied Scientist,"Thank you for taking the time to apply to Salesforce. After reviewing your application, we have chosen to move forward with other candidates. We wish you success in your future job search.",lever.co,REJECTED
Application outcome — Coinbase,"We appreciate your application for the Applied Scientist role at Coinbase. Unfortunately, we regret to inform you. We wish you success in your future job search.",careers.company.com,REJECTED
Your Figma application,"We appreciate your application for the Site Reliability Engineer role at Figma. Unfortunately, the position has been filled. We wish you success in your future job search.",greenhouse.io,REJECTED
Your DoorDash application,"Thank you for taking the time to apply to DoorDash. After reviewing your application, we regret to inform you. We encourage you to apply again in the future if another role aligns with your experience.",myworkday.com,REJECTED
ServiceNow: Hiring decision for Product Manager,"We value your interest in joining ServiceNow. At this time, unfortunately. We encourage you to apply again in the future if another role aligns with your experience.",smartrecruiters.com,REJECTED
Application outcome — Uber,"Thank you for your interest in the Backend Engineer position at Uber. After careful consideration, your application was not selected. We appreciate the time and effort you invested in your application.",recruiting.company.com,REJECTED
Databricks — Application Status (Backend Engineer),"We appreciate your application for the Backend Engineer role at Databricks. Unfortunately, we have decided not to proceed. Thank you for your interest in our company and for applying.",lever.co,REJECTED
Your Coinbase application,"After careful review of your background and experience, we have chosen to move forward with other candidates. We appreciate your interest and wish you the best in your career journey.",notifications.lever.co,REJECTED
Your Notion application,"Thank you for considering Notion as a potential employer. Unfortunately, the position has been filled. We appreciate the time and effort you invested in your application.",successfactors.com,REJECTED
Your Adobe application,"We value your interest in joining Adobe. At this time, we regret to inform you. We appreciate your interest and wish you the best in your career journey.",successfactors.com,REJECTED
Your Databricks application,"We appreciate the opportunity to review your application. However, the position has been filled. We wish you success in your future job search.",icims.com,REJECTED
Atlassian: Hiring decision for Security Engineer,"Thank you for your interest in the Security Engineer position at Atlassian. After careful consideration, we have decided not to proceed. We encourage you to apply again in the future if another role aligns with your expe",greenhouse.io,REJECTED
Regarding your application at Adobe,"We value your interest in joining Adobe. At this time, unfortunately. We wish you success in your future job search.",lever.co,REJECTED
Stripe Recruiting Team — Update,"We value your interest in joining Stripe. At this time, your application was not selected. We appreciate the time and effort you invested in your application.",lever.co,REJECTED
Application outcome — Stripe,"Thank you for considering Stripe as a potential employer. Unfortunately, we have decided not to proceed. Thank you for your interest in our company and for applying.",noreply.workday.com,REJECTED
Update on your application — Oracle,"Thank you for considering Oracle as a potential employer. Unfortunately, we have chosen to move forward with other candidates. We appreciate your interest and wish you the best in your career journey.",noreply.greenhouse.io,REJECTED
Regarding your application at Oracle,"Thank you for your interest in the QA Engineer position at Oracle. After careful consideration, unfortunately. Thank you for your interest in our company and for applying.",icims.com,REJECTED
Notion — Application Status (Site Reliability Engineer),"We appreciate the opportunity to review your application. However, we will not be progressing with your application. We appreciate your interest and wish you the best in your career journey.",icims.com,REJECTED
Intuit: Hiring decision for ML Engineer,Thank you for your application to the ML Engineer position. We regret to inform you that we will not be progressing with your application. Thank you for your interest in our company and for applying.,careers.company.com,REJECTED
Update on your application — Palantir,"Thank you for taking the time to apply to Palantir. After reviewing your application, the position has been filled. We appreciate your interest and wish you the best in your career journey.",lever.co,REJECTED
Adobe — Application Status (DevOps Engineer),"We appreciate the opportunity to review your application. However, we have decided not to proceed. We wish you success in your future job search.",noreply.greenhouse.io,REJECTED
Application outcome — Shopify,Thank you for your application to the Solutions Engineer position. We regret to inform you that your application was not selected. We wish you success in your future job search.,icims.com,REJECTED
Your Palantir application,"We value your interest in joining Palantir. At this time, we have decided not to proceed. Thank you for your interest in our company and for applying.",workday.com,REJECTED
Your Google application,"We appreciate your application for the Full‑Stack Engineer role at Google. Unfortunately, we regret to inform you. We wish you success in your future job search.",jobs.company.com,REJECTED
Regarding your application at Notion,"Thank you for your interest in the Full‑Stack Engineer position at Notion. After careful consideration, your application was not selected. We encourage you to apply again in the future if another role aligns with your ex",notifications.lever.co,REJECTED
Figma Careers — Backend Engineer,"We appreciate the opportunity to review your application. However, we regret to inform you. We appreciate the time and effort you invested in your application.",recruiting.company.com,REJECTED
Update on your application — Databricks,Thank you for your application to the Data Analyst position. We regret to inform you that we regret to inform you. Thank you for your interest in our company and for applying.,noreply.greenhouse.io,REJECTED
Application outcome — Cisco,Thank you for your application to the Solutions Engineer position. We regret to inform you that unfortunately. We appreciate your interest and wish you the best in your career journey.,successfactors.com,REJECTED
Application outcome — Netflix,"We value your interest in joining Netflix. At this time, your application was not selected. Thank you for your interest in our company and for applying.",noreply.workday.com,REJECTED
Your Atlassian application,"Thank you for your interest in the Data Scientist position at Atlassian. After careful consideration, we have concluded our hiring process. Thank you for your interest in our company and for applying.",successfactors.com,REJECTED
Your Oracle application,"Thank you for considering Oracle as a potential employer. Unfortunately, unfortunately. We wish you success in your future job search.",noreply.greenhouse.io,REJECTED
Figma Recruiting Team — Update,Thank you for your application to the QA Engineer position. We regret to inform you that unfortunately. Thank you for your interest in our company and for applying.,recruiting.company.com,REJECTED
Update on your application — Oracle,"Thank you for taking the time to apply to Oracle. After reviewing your application, we will not be moving forward. Thank you for your interest in our company and for applying.",lever.co,REJECTED
Airbnb: Hiring decision for Solutions Engineer,"After careful review of your background and experience, we have concluded our hiring process. We appreciate your interest and wish you the best in your career journey.",notifications.lever.co,REJECTED
Netflix Careers — Software Engineer,"Thank you for taking the time to apply to Netflix. After reviewing your application, the position has been filled. We appreciate your interest and wish you the best in your career journey.",workday.com,REJECTED
Snowflake Careers — Solutions Engineer,"After careful review of your background and experience, we have concluded our hiring process. We wish you success in your future job search.",notifications.lever.co,REJECTED
DoorDash: Hiring decision for DevOps Engineer,"Thank you for taking the time to apply to DoorDash. After reviewing your application, unfortunately. We wish you success in your future job search.",successfactors.com,REJECTED
Atlassian Careers — Product Manager,"We appreciate the opportunity to review your application. However, we have decided not to proceed. Thank you for your interest in our company and for applying.",icims.com,REJECTED
Shopify Recruiting Team — Update,"We appreciate the opportunity to review your application. However, the position has been filled. We wish you success in your future job search.",noreply.greenhouse.io,REJECTED
Coinbase: Hiring decision for Frontend Engineer,"We appreciate your application for the Frontend Engineer role at Coinbase. Unfortunately, we have chosen to move forward with other candidates. We appreciate your interest and wish you the best in your career journey.",lever.co,REJECTED
Apple Recruiting Team — Update,"Thank you for considering Apple as a potential employer. Unfortunately, we regret to inform you. We encourage you to apply again in the future if another role aligns with your experience.",smartrecruiters.com,REJECTED
Your Uber application,"Thank you for taking the time to apply to Uber. After reviewing your application, we will not be progressing with your application. Thank you for your interest in our company and for applying.",jobs.company.com,REJECTED
Bloomberg Careers — Applied Scientist,"After careful review of your background and experience, we have chosen to move forward with other candidates. We appreciate your interest and wish you the best in your career journey.",smartrecruiters.com,REJECTED
Update on your application — Coinbase,"Thank you for considering Coinbase as a potential employer. Unfortunately, your application was not selected. We encourage you to apply again in the future if another role aligns with your experience.",workday.com,REJECTED
Adobe: Hiring decision for Site Reliability Engineer,"Thank you for taking the time to apply to Adobe. After reviewing your application, we have decided not to proceed. We encourage you to apply again in the future if another role aligns with your experience.",icims.com,REJECTED
Regarding your application at VMware,"After careful review of your background and experience, we will not be moving forward. We appreciate your interest and wish you the best in your career journey.",smartrecruiters.com,REJECTED
Tesla: Hiring decision for Product Manager,"We value your interest in joining Tesla. At this time, your application was not selected. We appreciate the time and effort you invested in your application.",notifications.lever.co,REJECTED
Your Coinbase application,"We appreciate the opportunity to review your application. However, we will not be moving forward. We appreciate your interest and wish you the best in your career journey.",successfactors.com,REJECTED
Your Twilio application,"Thank you for taking the time to apply to Twilio. After reviewing your application, we will not be moving forward. We appreciate your interest and wish you the best in your career journey.",jobs.company.com,REJECTED
Application outcome — Figma,"We appreciate the opportunity to review your application. However, we have decided not to proceed. We appreciate your interest and wish you the best in your career journey.",smartrecruiters.com,REJECTED
Regarding your application at Databricks,"Thank you for your interest in the Site Reliability Engineer position at Databricks. After careful consideration, we regret to inform you. Thank you for your interest in our company and for applying.",workday.com,REJECTED
Microsoft Recruiting Team — Update,"We appreciate your application for the Security Engineer role at Microsoft. Unfortunately, we will not be moving forward. We appreciate your interest and wish you the best in your career journey.",jobs.company.com,REJECTED
Update on your application — Snowflake,Thank you for your application to the Data Scientist position. We regret to inform you that we will not be progressing with your application. We appreciate your interest and wish you the best in your career journey.,myworkday.com,REJECTED
Databricks Recruiting Team — Update,"After careful review of your background and experience, we regret to inform you. Thank you for your interest in our company and for applying.",taleo.net,REJECTED
Figma Recruiting Team — Update,"We appreciate your application for the Full‑Stack Engineer role at Figma. Unfortunately, we have concluded our hiring process. Thank you for your interest in our company and for applying.",noreply.workday.com,REJECTED
Google Recruiting Team — Update,"We appreciate your application for the Solutions Engineer role at Google. Unfortunately, we regret to inform you. We appreciate the time and effort you invested in your application.",recruiting.company.com,REJECTED
Atlassian Careers — Product Manager,"After careful review of your background and experience, we have chosen to move forward with other candidates. We encourage you to apply again in the future if another role aligns with your experience.",careers.company.com,REJECTED
Microsoft Recruiting Team — Update,"Thank you for taking the time to apply to Microsoft. After reviewing your application, we regret to inform you. We encourage you to apply again in the future if another role aligns with your experience.",lever.co,REJECTED
Application outcome — Intuit,"We value your interest in joining Intuit. At this time, we have chosen to move forward with other candidates. We appreciate the time and effort you invested in your application.",successfactors.com,REJECTED
Your Amazon application,"After careful review of your background and experience, we will not be progressing with your application. We wish you success in your future job search.",noreply.workday.com,REJECTED
Adobe — Application Status (Product Manager),"We value your interest in joining Adobe. At this time, unfortunately. We appreciate the time and effort you invested in your application.",myworkday.com,REJECTED
DoorDash — Application Status (Backend Engineer),"We value your interest in joining DoorDash. At this time, we will not be progressing with your application. We appreciate the time and effort you invested in your application.",smartrecruiters.com,REJECTED
ServiceNow Careers — Site Reliability Engineer,"Thank you for taking the time to apply to ServiceNow. After reviewing your application, we will not be moving forward. We wish you success in your future job search.",jobs.company.com,REJECTED
Zoom: Hiring decision for Applied Scientist,"After careful review of your background and experience, we have decided not to proceed. Thank you for your interest in our company and for applying.",taleo.net,REJECTED
Regarding your application at Notion,"After careful review of your background and experience, we have concluded our hiring process. We encourage you to apply again in the future if another role aligns with your experience.",greenhouse.io,REJECTED
Your Stripe application,"We value your interest in joining Stripe. At this time, unfortunately. Thank you for your interest in our company and for applying.",workday.com,REJECTED
Your Twilio application,"Thank you for taking the time to apply to Twilio. After reviewing your application, we will not be progressing with your application. We appreciate your interest and wish you the best in your career journey.",smartrecruiters.com,REJECTED
Regarding your application at Twilio,"Thank you for considering Twilio as a potential employer. Unfortunately, your application was not selected. We wish you success in your future job search.",successfactors.com,REJECTED
Nvidia: Hiring decision for ML Engineer,"We value your interest in joining Nvidia. At this time, your application was not selected. We wish you success in your future job search.",greenhouse.io,REJECTED
Update on your application — Zoom,"Thank you for taking the time to apply to Zoom. After reviewing your application, we will not be progressing with your application. We wish you success in your future job search.",greenhouse.io,REJECTED
Your Twilio application,"Thank you for your interest in the Software Engineer position at Twilio. After careful consideration, we have concluded our hiring process. We wish you success in your future job search.",recruiting.company.com,REJECTED
Notion Recruiting Team — Update,Thank you for your application to the Data Scientist position. We regret to inform you that unfortunately. We appreciate the time and effort you invested in your application.,smartrecruiters.com,REJECTED
Apple — Application Status (ML Engineer),"Thank you for considering Apple as a potential employer. Unfortunately, we regret to inform you. We wish you success in your future job search.",greenhouse.io,REJECTED
Apple: Hiring decision for Data Scientist,"Thank you for your interest in the Data Scientist position at Apple. After careful consideration, unfortunately. We encourage you to apply again in the future if another role aligns with your experience.",successfactors.com,REJECTED
Regarding your application at Netflix,"After careful review of your background and experience, we have chosen to move forward with other candidates. We appreciate your interest and wish you the best in your career journey.",icims.com,REJECTED
ServiceNow Careers — Product Manager,"We appreciate the opportunity to review your application. However, we have decided not to proceed. We encourage you to apply again in the future if another role aligns with your experience.",greenhouse.io,REJECTED
Twilio: Hiring decision for Product Manager,"Thank you for considering Twilio as a potential employer. Unfortunately, the position has been filled. Thank you for your interest in our company and for applying.",careers.company.com,REJECTED
Your Nvidia application,"Thank you for considering Nvidia as a potential employer. Unfortunately, we have concluded our hiring process. We appreciate your interest and wish you the best in your career journey.",myworkday.com,REJECTED
Your Meta application,"We value your interest in joining Meta. At this time, we will not be moving forward. We encourage you to apply again in the future if another role aligns with your experience.",myworkday.com,REJECTED
Airbnb: Hiring decision for Data Scientist,"Thank you for considering Airbnb as a potential employer. Unfortunately, your application was not selected. We appreciate the time and effort you invested in your application.",myworkday.com,REJECTED
Your Cisco application,"Thank you for taking the time to apply to Cisco. After reviewing your application, we have chosen to move forward with other candidates. We appreciate your interest and wish you the best in your career journey.",successfactors.com,REJECTED
Notion — Application Status (Data Analyst),"Thank you for considering Notion as a potential employer. Unfortunately, your application was not selected. We appreciate the time and effort you invested in your application.",myworkday.com,REJECTED
Palantir: Hiring decision for Data Analyst,"We value your interest in joining Palantir. At this time, we will not be moving forward. We encourage you to apply again in the future if another role aligns with your experience.",taleo.net,REJECTED
Regarding your application at Intuit,"We value your interest in joining Intuit. At this time, the position has been filled. We wish you success in your future job search.",taleo.net,REJECTED
Okta Careers — Full‑Stack Engineer,Thank you for your application to the Full‑Stack Engineer position. We regret to inform you that we have decided not to proceed. We wish you success in your future job search.,myworkday.com,REJECTED
Update on your application — Adobe,"Thank you for taking the time to apply to Adobe. After reviewing your application, we will not be moving forward. We wish you success in your future job search.",myworkday.com,REJECTED
Airbnb Recruiting Team — Update,"Thank you for considering Airbnb as a potential employer. Unfortunately, we have concluded our hiring process. We encourage you to apply again in the future if another role aligns with your experience.",taleo.net,REJECTED
Okta: Hiring decision for QA Engineer,"We appreciate the opportunity to review your application. However, we will not be moving forward. Thank you for your interest in our company and for applying.",recruiting.company.com,REJECTED
Okta Recruiting Team — Update,"Thank you for your interest in the Frontend Engineer position at Okta. After careful consideration, unfortunately. We appreciate your interest and wish you the best in your career journey.",taleo.net,REJECTED
Apple Careers — Frontend Engineer,"We value your interest in joining Apple. At this time, your application was not selected. We appreciate the time and effort you invested in your application.",workday.com,REJECTED
Snowflake Recruiting Team — Update,Thank you for your application to the Backend Engineer position. We regret to inform you that we will not be progressing with your application. We encourage you to apply again in the future if another role aligns with yo,successfactors.com,REJECTED
Netflix Recruiting Team — Update,"We appreciate the opportunity to review your application. However, your application was not selected. Thank you for your interest in our company and for applying.",jobs.company.com,REJECTED
Netflix — Application Status (QA Engineer),"Thank you for taking the time to apply to Netflix. After reviewing your application, unfortunately. We appreciate your interest and wish you the best in your career journey.",lever.co,REJECTED
Okta: Hiring decision for DevOps Engineer,"We value your interest in joining Okta. At this time, we have concluded our hiring process. Thank you for your interest in our company and for applying.",lever.co,REJECTED
Salesforce: Hiring decision for Solutions Engineer,"Thank you for considering Salesforce as a potential employer. Unfortunately, unfortunately. Thank you for your interest in our company and for applying.",greenhouse.io,REJECTED
Application outcome — Salesforce,"We appreciate your application for the Data Analyst role at Salesforce. Unfortunately, the position has been filled. We encourage you to apply again in the future if another role aligns with your experience.",myworkday.com,REJECTED
Regarding your application at DoorDash,"Thank you for considering DoorDash as a potential employer. Unfortunately, your application was not selected. We appreciate the time and effort you invested in your application.",notifications.lever.co,REJECTED
Databricks Careers — Software Engineer,"Thank you for taking the time to apply to Databricks. After reviewing your application, we have decided not to proceed. We appreciate the time and effort you invested in your application.",workday.com,REJECTED
Atlassian Recruiting Team — Update,Thank you for your application to the Solutions Engineer position. We regret to inform you that we will not be progressing with your application. We appreciate the time and effort you invested in your application.,careers.company.com,REJECTED
Google Recruiting Team — Update,"Thank you for taking the time to apply to Google. After reviewing your application, we have chosen to move forward with other candidates. We appreciate the time and effort you invested in your application.",taleo.net,REJECTED
Airbnb Recruiting Team — Update,"Thank you for taking the time to apply to Airbnb. After reviewing your application, the position has been filled. We wish you success in your future job search.",notifications.lever.co,REJECTED
Adobe — Application Status (DevOps Engineer),"Thank you for taking the time to apply to Adobe. After reviewing your application, we will not be progressing with your application. Thank you for your interest in our company and for applying.",smartrecruiters.com,REJECTED
Amazon: Hiring decision for Data Scientist,"We appreciate the opportunity to review your application. However, your application was not selected. We encourage you to apply again in the future if another role aligns with your experience.",successfactors.com,REJECTED
Application outcome — Bloomberg,"Thank you for considering Bloomberg as a potential employer. Unfortunately, we will not be progressing with your application. We appreciate the time and effort you invested in your application.",recruiting.company.com,REJECTED
Application outcome — Zoom,Thank you for your application to the Product Manager position. We regret to inform you that we regret to inform you. We wish you success in your future job search.,taleo.net,REJECTED
Your Uber application,"Thank you for considering Uber as a potential employer. Unfortunately, we regret to inform you. We appreciate the time and effort you invested in your application.",smartrecruiters.com,REJECTED
VMware — Application Status (Solutions Engineer),"After careful review of your background and experience, we will not be moving forward. We wish you success in your future job search.",successfactors.com,REJECTED
Salesforce Recruiting Team — Update,"After careful review of your background and experience, your application was not selected. We appreciate the time and effort you invested in your application.",noreply.workday.com,REJECTED
Regarding your application at Zoom,Thank you for your application to the Frontend Engineer position. We regret to inform you that unfortunately. We encourage you to apply again in the future if another role aligns with your experience.,noreply.greenhouse.io,REJECTED
Adobe Recruiting Team — Update,"Thank you for taking the time to apply to Adobe. After reviewing your application, we regret to inform you. We appreciate your interest and wish you the best in your career journey.",successfactors.com,REJECTED
Airbnb — Application Status (Software Engineer),"Thank you for considering Airbnb as a potential employer. Unfortunately, we have chosen to move forward with other candidates. We encourage you to apply again in the future if another role aligns with your experience.",workday.com,REJECTED
Notion Recruiting Team — Update,"Thank you for taking the time to apply to Notion. After reviewing your application, we regret to inform you. Thank you for your interest in our company and for applying.",jobs.company.com,REJECTED
Update on your application — LinkedIn,Thank you for your application to the Data Analyst position. We regret to inform you that the position has been filled. We wish you success in your future job search.,smartrecruiters.com,REJECTED
Regarding your application at Databricks,"Thank you for taking the time to apply to Databricks. After reviewing your application, we will not be progressing with your application. Thank you for your interest in our company and for applying.",greenhouse.io,REJECTED
Update on your application — VMware,"We value your interest in joining VMware. At this time, we have chosen to move forward with other candidates. We appreciate the time and effort you invested in your application.",notifications.lever.co,REJECTED
Atlassian Careers — Backend Engineer,"After careful review of your background and experience, we will not be progressing with your application. We appreciate the time and effort you invested in your application.",icims.com,REJECTED
Regarding your application at Intuit,"Thank you for your interest in the Applied Scientist position at Intuit. After careful consideration, the position has been filled. Thank you for your interest in our company and for applying.",careers.company.com,REJECTED
Update on your application — Amazon,"Thank you for your interest in the Backend Engineer position at Amazon. After careful consideration, unfortunately. Thank you for your interest in our company and for applying.",myworkday.com,REJECTED
Update on your application — VMware,"Thank you for taking the time to apply to VMware. After reviewing your application, your application was not selected. Thank you for your interest in our company and for applying.",recruiting.company.com,REJECTED
Regarding your application at Amazon,"We appreciate your application for the Product Manager role at Amazon. Unfortunately, the position has been filled. We encourage you to apply again in the future if another role aligns with your experience.",icims.com,REJECTED
Salesforce: Hiring decision for ML Engineer,"Thank you for taking the time to apply to Salesforce. After reviewing your application, we will not be moving forward. We encourage you to apply again in the future if another role aligns with your experience.",smartrecruiters.com,REJECTED
Your LinkedIn application,"Thank you for your interest in the Backend Engineer position at LinkedIn. After careful consideration, the position has been filled. We appreciate the time and effort you invested in your application.",successfactors.com,REJECTED
Update on your application — Figma,"We appreciate the opportunity to review your application. However, we will not be progressing with your application. We wish you success in your future job search.",workday.com,REJECTED
Bloomberg Recruiting Team — Update,"We appreciate the opportunity to review your application. However, we regret to inform you. We encourage you to apply again in the future if another role aligns with your experience.",lever.co,REJECTED
Palantir: Hiring decision for QA Engineer,"Thank you for considering Palantir as a potential employer. Unfortunately, unfortunately. We appreciate the time and effort you invested in your application.",noreply.greenhouse.io,REJECTED
Application outcome — Bloomberg,"Thank you for taking the time to apply to Bloomberg. After reviewing your application, unfortunately. Thank you for your interest in our company and for applying.",notifications.lever.co,REJECTED
Coinbase Recruiting Team — Update,"After careful review of your background and experience, your application was not selected. Thank you for your interest in our company and for applying.",smartrecruiters.com,REJECTED
Airbnb Recruiting Team — Update,"Thank you for considering Airbnb as a potential employer. Unfortunately, we have concluded our hiring process. We appreciate the time and effort you invested in your application.",taleo.net,REJECTED
Regarding your application at Figma,"Thank you for your interest in the Frontend Engineer position at Figma. After careful consideration, the position has been filled. We appreciate your interest and wish you the best in your career journey.",icims.com,REJECTED
Your Oracle application,"After careful review of your background and experience, we regret to inform you. We wish you success in your future job search.",smartrecruiters.com,REJECTED
Palantir — Application Status (Data Analyst),"Thank you for taking the time to apply to Palantir. After reviewing your application, unfortunately. We appreciate the time and effort you invested in your application.",lever.co,REJECTED
Application outcome — Intuit,"Thank you for your interest in the QA Engineer position at Intuit. After careful consideration, we will not be progressing with your application. Thank you for your interest in our company and for applying.",notifications.lever.co,REJECTED
Regarding your application at Zoom,"We appreciate your application for the QA Engineer role at Zoom. Unfortunately, we have decided not to proceed. We wish you success in your future job search.",icims.com,REJECTED
Stripe Careers — Software Engineer,"We value your interest in joining Stripe. At this time, the position has been filled. We appreciate the time and effort you invested in your application.",noreply.workday.com,REJECTED
Application outcome — LinkedIn,"Thank you for considering LinkedIn as a potential employer. Unfortunately, we have decided not to proceed. We appreciate the time and effort you invested in your application.",jobs.company.com,REJECTED
Update on your application — Microsoft,"We appreciate your application for the Data Analyst role at Microsoft. Unfortunately, we have chosen to move forward with other candidates. We wish you success in your future job search.",noreply.greenhouse.io,REJECTED
Update on your application — Figma,"Thank you for taking the time to apply to Figma. After reviewing your application, your application was not selected. We appreciate your interest and wish you the best in your career journey.",taleo.net,REJECTED
Regarding your application at Palantir,"We value your interest in joining Palantir. At this time, we regret to inform you. We appreciate your interest and wish you the best in your career journey.",icims.com,REJECTED
Your Meta application,"Thank you for considering Meta as a potential employer. Unfortunately, we regret to inform you. We appreciate the time and effort you invested in your application.",successfactors.com,REJECTED
Update on your application — Airbnb,"After careful review of your background and experience, we will not be progressing with your application. We appreciate your interest and wish you the best in your career journey.",greenhouse.io,REJECTED
Stripe — Application Status (DevOps Engineer),"After careful review of your background and experience, your application was not selected. We wish you success in your future job search.",noreply.greenhouse.io,REJECTED
Adobe Careers — Security Engineer,"Thank you for considering Adobe as a potential employer. Unfortunately, we will not be progressing with your application. We wish you success in your future job search.",lever.co,REJECTED
Netflix Careers — Software Engineer,"Thank you for taking the time to apply to Netflix. After reviewing your application, we will not be moving forward. Thank you for your interest in our company and for applying.",noreply.workday.com,REJECTED
Application outcome — Google,Thank you for your application to the Data Analyst position. We regret to inform you that unfortunately. We appreciate the time and effort you invested in your application.,successfactors.com,REJECTED
Update on your application — Coinbase,"We value your interest in joining Coinbase. At this time, we will not be moving forward. We encourage you to apply again in the future if another role aligns with your experience.",successfactors.com,REJECTED
Update on your application — DoorDash,Thank you for your application to the QA Engineer position. We regret to inform you that we regret to inform you. We encourage you to apply again in the future if another role aligns with your experience.,greenhouse.io,REJECTED
Apple: Hiring decision for Security Engineer,"Thank you for taking the time to apply to Apple. After reviewing your application, we have concluded our hiring process. Thank you for your interest in our company and for applying.",workday.com,REJECTED
Your Notion application,"Thank you for considering Notion as a potential employer. Unfortunately, the position has been filled. We appreciate the time and effort you invested in your application.",noreply.greenhouse.io,REJECTED
Shopify: Hiring decision for QA Engineer,"We appreciate the opportunity to review your application. However, we have concluded our hiring process. We wish you success in your future job search.",workday.com,REJECTED
Okta: Hiring decision for Site Reliability Engineer,"We value your interest in joining Okta. At this time, we will not be progressing with your application. We encourage you to apply again in the future if another role aligns with your experience.",jobs.company.com,REJECTED
Atlassian — Application Status (Software Engineer),"We appreciate the opportunity to review your application. However, we have decided not to proceed. We wish you success in your future job search.",noreply.workday.com,REJECTED
Salesforce: Hiring decision for QA Engineer,"Thank you for considering Salesforce as a potential employer. Unfortunately, we regret to inform you. We appreciate your interest and wish you the best in your career journey.",jobs.company.com,REJECTED
Application outcome — Uber,"Thank you for your interest in the Backend Engineer position at Uber. After careful consideration, your application was not selected. We appreciate your interest and wish you the best in your career journey.",myworkday.com,REJECTED
Intuit Recruiting Team — Update,"Thank you for your interest in the Frontend Engineer position at Intuit. After careful consideration, we will not be moving forward. We wish you success in your future job search.",workday.com,REJECTED
Your Coinbase application,Thank you for your application to the Site Reliability Engineer position. We regret to inform you that we regret to inform you. Thank you for your interest in our company and for applying.,successfactors.com,REJECTED
Atlassian: Hiring decision for Data Scientist,"Thank you for your interest in the Data Scientist position at Atlassian. After careful consideration, unfortunately. We wish you success in your future job search.",noreply.workday.com,REJECTED
Atlassian Careers — Data Scientist,"We value your interest in joining Atlassian. At this time, we have concluded our hiring process. Thank you for your interest in our company and for applying.",greenhouse.io,REJECTED
Google Careers — QA Engineer,"Thank you for taking the time to apply to Google. After reviewing your application, we have decided not to proceed. Thank you for your interest in our company and for applying.",careers.company.com,REJECTED
Notion — Application Status (Security Engineer),"We appreciate your application for the Security Engineer role at Notion. Unfortunately, we have decided not to proceed. We encourage you to apply again in the future if another role aligns with your experience.",jobs.company.com,REJECTED
Airbnb Recruiting Team — Update,"Thank you for your interest in the Full‑Stack Engineer position at Airbnb. After careful consideration, your application was not selected. Thank you for your interest in our company and for applying.",lever.co,REJECTED
Atlassian — Application Status (Security Engineer),"After careful review of your background and experience, the position has been filled. We encourage you to apply again in the future if another role aligns with your experience.",jobs.company.com,REJECTED
Regarding your application at Adobe,"Thank you for taking the time to apply to Adobe. After reviewing your application, your application was not selected. We encourage you to apply again in the future if another role aligns with your experience.",taleo.net,REJECTED
Palantir Recruiting Team — Update,"We appreciate your application for the QA Engineer role at Palantir. Unfortunately, we will not be progressing with your application. We wish you success in your future job search.",greenhouse.io,REJECTED
Microsoft Careers — Backend Engineer,"We appreciate your application for the Backend Engineer role at Microsoft. Unfortunately, unfortunately. Thank you for your interest in our company and for applying.",greenhouse.io,REJECTED
Regarding your application at Uber,"We value your interest in joining Uber. At this time, we regret to inform you. We wish you success in your future job search.",recruiting.company.com,REJECTED
Regarding your application at Atlassian,"Thank you for considering Atlassian as a potential employer. Unfortunately, we will not be moving forward. Thank you for your interest in our company and for applying.",recruiting.company.com,REJECTED
DoorDash Recruiting Team — Update,"We appreciate the opportunity to review your application. However, we have chosen to move forward with other candidates. We wish you success in your future job search.",myworkday.com,REJECTED
Regarding your application at Meta,"Thank you for considering Meta as a potential employer. Unfortunately, we have concluded our hiring process. We wish you success in your future job search.",successfactors.com,REJECTED
Application outcome — Databricks,"We appreciate your application for the Backend Engineer role at Databricks. Unfortunately, the position has been filled. We wish you success in your future job search.",smartrecruiters.com,REJECTED
Bloomberg Recruiting Team — Update,"Thank you for taking the time to apply to Bloomberg. After reviewing your application, the position has been filled. We encourage you to apply again in the future if another role aligns with your experience.",lever.co,REJECTED
Uber: Hiring decision for Data Scientist,Thank you for your application to the Data Scientist position. We regret to inform you that we have concluded our hiring process. We encourage you to apply again in the future if another role aligns with your experience.,noreply.greenhouse.io,REJECTED
Meta — Application Status (Solutions Engineer),"We appreciate your application for the Solutions Engineer role at Meta. Unfortunately, we will not be progressing with your application. We appreciate your interest and wish you the best in your career journey.",workday.com,REJECTED
Nvidia Careers — QA Engineer,"Thank you for your interest in the QA Engineer position at Nvidia. After careful consideration, your application was not selected. We appreciate your interest and wish you the best in your career journey.",lever.co,REJECTED
Microsoft Careers — Backend Engineer,Thank you for your application to the Backend Engineer position. We regret to inform you that we will not be moving forward. We wish you success in your future job search.,careers.company.com,REJECTED
Snowflake: Hiring decision for Backend Engineer,"We appreciate the opportunity to review your application. However, we regret to inform you. We appreciate your interest and wish you the best in your career journey.",notifications.lever.co,REJECTED
Databricks Recruiting Team — Update,"Thank you for your interest in the DevOps Engineer position at Databricks. After careful consideration, we have concluded our hiring process. We wish you success in your future job search.",recruiting.company.com,REJECTED
Nvidia Recruiting Team — Update,Thank you for your application to the Site Reliability Engineer position. We regret to inform you that unfortunately. We appreciate the time and effort you invested in your application.,jobs.company.com,REJECTED
VMware: Hiring decision for Site Reliability Engineer,"We appreciate the opportunity to review your application. However, we have decided not to proceed. We wish you success in your future job search.",myworkday.com,REJECTED
Update on your application — Atlassian,"Thank you for taking the time to apply to Atlassian. After reviewing your application, we have chosen to move forward with other candidates. We encourage you to apply again in the future if another role aligns with your ",icims.com,REJECTED
Regarding your application at Atlassian,"After careful review of your background and experience, we have chosen to move forward with other candidates. We appreciate your interest and wish you the best in your career journey.",successfactors.com,REJECTED
Regarding your application at Stripe,"We appreciate your application for the Data Scientist role at Stripe. Unfortunately, your application was not selected. We encourage you to apply again in the future if another role aligns with your experience.",smartrecruiters.com,REJECTED
Coinbase: Hiring decision for Site Reliability Engineer,"We value your interest in joining Coinbase. At this time, we will not be progressing with your application. We wish you success in your future job search.",noreply.workday.com,REJECTED
Application outcome — Salesforce,"We appreciate your application for the Full‑Stack Engineer role at Salesforce. Unfortunately, we regret to inform you. We appreciate your interest and wish you the best in your career journey.",jobs.company.com,REJECTED
Stripe — Application Status (Backend Engineer),"We appreciate the opportunity to review your application. However, unfortunately. Thank you for your interest in our company and for applying.",recruiting.company.com,REJECTED
Uber — Application Status (ML Engineer),"We value your interest in joining Uber. At this time, we have concluded our hiring process. We encourage you to apply again in the future if another role aligns with your experience.",recruiting.company.com,REJECTED
Your ServiceNow application,"Thank you for your interest in the DevOps Engineer position at ServiceNow. After careful consideration, we have chosen to move forward with other candidates. We appreciate the time and effort you invested in your applica",smartrecruiters.com,REJECTED
Update on your application — Netflix,"We appreciate your application for the Applied Scientist role at Netflix. Unfortunately, we have chosen to move forward with other candidates. We appreciate the time and effort you invested in your application.",myworkday.com,REJECTED
Apple Careers — Applied Scientist,"After careful review of your background and experience, your application was not selected. We appreciate your interest and wish you the best in your career journey.",notifications.lever.co,REJECTED
Regarding your application at Palantir,"After careful review of your background and experience, we have concluded our hiring process. We wish you success in your future job search.",greenhouse.io,REJECTED
Snowflake Careers — Data Scientist,"We value your interest in joining Snowflake. At this time, we will not be progressing with your application. We encourage you to apply again in the future if another role aligns with your experience.",noreply.greenhouse.io,REJECTED
Intuit Careers — ML Engineer,"After careful review of your background and experience, the position has been filled. We appreciate your interest and wish you the best in your career journey.",noreply.greenhouse.io,REJECTED
Uber: Hiring decision for Security Engineer,"Thank you for considering Uber as a potential employer. Unfortunately, we regret to inform you. We wish you success in your future job search.",myworkday.com,REJECTED
Coinbase: Hiring decision for Frontend Engineer,"We appreciate the opportunity to review your application. However, we have decided not to proceed. Thank you for your interest in our company and for applying.",workday.com,REJECTED
Regarding your application at Figma,"We appreciate your application for the Backend Engineer role at Figma. Unfortunately, we regret to inform you. We wish you success in your future job search.",recruiting.company.com,REJECTED
Google Recruiting Team — Update,Thank you for your application to the ML Engineer position. We regret to inform you that we will not be moving forward. We encourage you to apply again in the future if another role aligns with your experience.,lever.co,REJECTED
Adobe — Application Status (Product Manager),Thank you for your application to the Product Manager position. We regret to inform you that we have chosen to move forward with other candidates. We appreciate your interest and wish you the best in your career journey.,taleo.net,REJECTED
Update on your application — Intuit,"Thank you for considering Intuit as a potential employer. Unfortunately, we will not be progressing with your application. We encourage you to apply again in the future if another role aligns with your experience.",notifications.lever.co,REJECTED
Shopify — Application Status (Security Engineer),"We appreciate the opportunity to review your application. However, we regret to inform you. Thank you for your interest in our company and for applying.",noreply.workday.com,REJECTED
Your Airbnb application,"We value your interest in joining Airbnb. At this time, we regret to inform you. We appreciate the time and effort you invested in your application.",workday.com,REJECTED
Figma Careers — Backend Engineer,Thank you for your application to the Backend Engineer position. We regret to inform you that we have chosen to move forward with other candidates. We wish you success in your future job search.,lever.co,REJECTED
Your Atlassian application,"We value your interest in joining Atlassian. At this time, we regret to inform you. We encourage you to apply again in the future if another role aligns with your experience.",noreply.workday.com,REJECTED
Regarding your application at Stripe,"Thank you for considering Stripe as a potential employer. Unfortunately, we have concluded our hiring process. Thank you for your interest in our company and for applying.",icims.com,REJECTED
Regarding your application at Snowflake,"Thank you for taking the time to apply to Snowflake. After reviewing your application, unfortunately. Thank you for your interest in our company and for applying.",noreply.workday.com,REJECTED
Salesforce Recruiting Team — Update,"Thank you for your interest in the Software Engineer position at Salesforce. After careful consideration, we have chosen to move forward with other candidates. We appreciate your interest and wish you the best in your ca",noreply.workday.com,REJECTED
Intuit Recruiting Team — Update,"Thank you for your interest in the Data Analyst position at Intuit. After careful consideration, we have decided not to proceed. We encourage you to apply again in the future if another role aligns with your experience.",myworkday.com,REJECTED
Amazon — Application Status (Full‑Stack Engineer),"Thank you for your interest in the Full‑Stack Engineer position at Amazon. After careful consideration, we have chosen to move forward with other candidates. We encourage you to apply again in the future if another role ",recruiting.company.com,REJECTED
Figma — Application Status (Frontend Engineer),"We appreciate your application for the Frontend Engineer role at Figma. Unfortunately, your application was not selected. We appreciate the time and effort you invested in your application.",lever.co,REJECTED
Your Nvidia application,"Thank you for taking the time to apply to Nvidia. After reviewing your application, we have decided not to proceed. We appreciate your interest and wish you the best in your career journey.",icims.com,REJECTED
Application outcome — Shopify,"We appreciate your application for the Data Analyst role at Shopify. Unfortunately, your application was not selected. We wish you success in your future job search.",greenhouse.io,REJECTED
Figma — Application Status (Backend Engineer),"Thank you for considering Figma as a potential employer. Unfortunately, the position has been filled. We encourage you to apply again in the future if another role aligns with your experience.",recruiting.company.com,REJECTED
Google Recruiting Team — Update,Thank you for your application to the Solutions Engineer position. We regret to inform you that we regret to inform you. We wish you success in your future job search.,jobs.company.com,REJECTED
Intuit — Application Status (DevOps Engineer),"Thank you for your interest in the DevOps Engineer position at Intuit. After careful consideration, your application was not selected. We appreciate the time and effort you invested in your application.",successfactors.com,REJECTED
Netflix Recruiting Team — Update,"Thank you for taking the time to apply to Netflix. After reviewing your application, unfortunately. We appreciate your interest and wish you the best in your career journey.",recruiting.company.com,REJECTED
Apple Careers — QA Engineer,"We appreciate the opportunity to review your application. However, we have decided not to proceed. We appreciate your interest and wish you the best in your career journey.",recruiting.company.com,REJECTED
Cisco — Application Status (ML Engineer),Thank you for your application to the ML Engineer position. We regret to inform you that the position has been filled. We appreciate your interest and wish you the best in your career journey.,jobs.company.com,REJECTED
Regarding your application at Microsoft,"We appreciate the opportunity to review your application. However, we have concluded our hiring process. We appreciate the time and effort you invested in your application.",taleo.net,REJECTED
Netflix: Hiring decision for Data Analyst,"After careful review of your background and experience, the position has been filled. We appreciate the time and effort you invested in your application.",taleo.net,REJECTED
Your ServiceNow application,"We appreciate your application for the Software Engineer role at ServiceNow. Unfortunately, we will not be progressing with your application. We appreciate the time and effort you invested in your application.",icims.com,REJECTED
Twilio Careers — DevOps Engineer,"After careful review of your background and experience, we have concluded our hiring process. We appreciate your interest and wish you the best in your career journey.",greenhouse.io,REJECTED
Application outcome — Nvidia,"After careful review of your background and experience, your application was not selected. Thank you for your interest in our company and for applying.",noreply.workday.com,REJECTED
Your Adobe application,"Thank you for your interest in the Applied Scientist position at Adobe. After careful consideration, we have concluded our hiring process. We wish you success in your future job search.",noreply.workday.com,REJECTED
Uber: Hiring decision for Site Reliability Engineer,"Thank you for taking the time to apply to Uber. After reviewing your application, we will not be progressing with your application. We appreciate the time and effort you invested in your application.",greenhouse.io,REJECTED
Regarding your application at Snowflake,"After careful review of your background and experience, unfortunately. We wish you success in your future job search.",recruiting.company.com,REJECTED
Apple Recruiting Team — Update,"Thank you for your interest in the Site Reliability Engineer position at Apple. After careful consideration, we regret to inform you. We wish you success in your future job search.",jobs.company.com,REJECTED
Palantir Recruiting Team — Update,Thank you for your application to the Full‑Stack Engineer position. We regret to inform you that we have decided not to proceed. We appreciate your interest and wish you the best in your career journey.,taleo.net,REJECTED
LinkedIn Careers — Frontend Engineer,Thank you for your application to the Frontend Engineer position. We regret to inform you that we have concluded our hiring process. We appreciate your interest and wish you the best in your career journey.,noreply.greenhouse.io,REJECTED
Figma Careers — Solutions Engineer,"We appreciate the opportunity to review your application. However, we will not be moving forward. Thank you for your interest in our company and for applying.",greenhouse.io,REJECTED
Update on your application — Stripe,"Thank you for considering Stripe as a potential employer. Unfortunately, we will not be progressing with your application. We wish you success in your future job search.",recruiting.company.com,REJECTED
Application outcome — Shopify,"We value your interest in joining Shopify. At this time, the position has been filled. We encourage you to apply again in the future if another role aligns with your experience.",recruiting.company.com,REJECTED
Update on your application — Oracle,"We appreciate your application for the Data Analyst role at Oracle. Unfortunately, unfortunately. We appreciate your interest and wish you the best in your career journey.",greenhouse.io,REJECTED
ServiceNow: Hiring decision for Data Analyst,"Thank you for taking the time to apply to ServiceNow. After reviewing your application, we will not be moving forward. We appreciate the time and effort you invested in your application.",careers.company.com,REJECTED
Nvidia Recruiting Team — Update,"We appreciate the opportunity to review your application. However, unfortunately. Thank you for your interest in our company and for applying.",successfactors.com,REJECTED
Update on your application — Bloomberg,"After careful review of your background and experience, unfortunately. We appreciate your interest and wish you the best in your career journey.",myworkday.com,REJECTED
Palantir: Hiring decision for Site Reliability Engineer,"Thank you for your interest in the Site Reliability Engineer position at Palantir. After careful consideration, we regret to inform you. We wish you success in your future job search.",careers.company.com,REJECTED
Your Apple application,"Thank you for your interest in the Data Scientist position at Apple. After careful consideration, we have chosen to move forward with other candidates. We wish you success in your future job search.",recruiting.company.com,REJECTED
Regarding your application at Databricks,"Thank you for your interest in the Software Engineer position at Databricks. After careful consideration, we regret to inform you. We appreciate your interest and wish you the best in your career journey.",successfactors.com,REJECTED
Your Airbnb application,"Thank you for taking the time to apply to Airbnb. After reviewing your application, we have chosen to move forward with other candidates. Thank you for your interest in our company and for applying.",noreply.greenhouse.io,REJECTED
ServiceNow — Application Status (DevOps Engineer),"Thank you for your interest in the DevOps Engineer position at ServiceNow. After careful consideration, we have decided not to proceed. We appreciate the time and effort you invested in your application.",noreply.workday.com,REJECTED
Nvidia: Hiring decision for ML Engineer,"Thank you for taking the time to apply to Nvidia. After reviewing your application, we will not be progressing with your application. We wish you success in your future job search.",jobs.company.com,REJECTED
Regarding your application at Figma,"We appreciate your application for the Data Analyst role at Figma. Unfortunately, unfortunately. We encourage you to apply again in the future if another role aligns with your experience.",taleo.net,REJECTED
Update on your application — Apple,"We value your interest in joining Apple. At this time, your application was not selected. Thank you for your interest in our company and for applying.",notifications.lever.co,REJECTED
Update on your application — Google,Thank you for your application to the Backend Engineer position. We regret to inform you that we have concluded our hiring process. Thank you for your interest in our company and for applying.,noreply.greenhouse.io,REJECTED
Update on your application — Google,"We appreciate your application for the Data Analyst role at Google. Unfortunately, we have decided not to proceed. Thank you for your interest in our company and for applying.",successfactors.com,REJECTED
Adobe Careers — Security Engineer,"After careful review of your background and experience, we have concluded our hiring process. Thank you for your interest in our company and for applying.",myworkday.com,REJECTED
Application outcome — Figma,"We appreciate the opportunity to review your application. However, we have decided not to proceed. Thank you for your interest in our company and for applying.",recruiting.company.com,REJECTED
Uber Recruiting Team — Update,"After careful review of your background and experience, the position has been filled. We encourage you to apply again in the future if another role aligns with your experience.",successfactors.com,REJECTED
Regarding your application at Google,"We appreciate your application for the Data Scientist role at Google. Unfortunately, the position has been filled. We encourage you to apply again in the future if another role aligns with your experience.",myworkday.com,REJECTED
Airbnb Recruiting Team — Update,"After careful review of your background and experience, your application was not selected. We wish you success in your future job search.",smartrecruiters.com,REJECTED
Apple: Hiring decision for Site Reliability Engineer,"Thank you for taking the time to apply to Apple. After reviewing your application, we have chosen to move forward with other candidates. We appreciate your interest and wish you the best in your career journey.",notifications.lever.co,REJECTED
Regarding your application at Uber,"We appreciate the opportunity to review your application. However, we have concluded our hiring process. We encourage you to apply again in the future if another role aligns with your experience.",jobs.company.com,REJECTED
Application outcome — Tesla,"Thank you for your interest in the ML Engineer position at Tesla. After careful consideration, unfortunately. We appreciate your interest and wish you the best in your career journey.",jobs.company.com,REJECTED
Stripe Careers — Full‑Stack Engineer,"Thank you for taking the time to apply to Stripe. After reviewing your application, we have concluded our hiring process. Thank you for your interest in our company and for applying.",notifications.lever.co,REJECTED
Regarding your application at Airbnb,"Thank you for considering Airbnb as a potential employer. Unfortunately, your application was not selected. We appreciate the time and effort you invested in your application.",smartrecruiters.com,REJECTED
Application outcome — Microsoft,"We appreciate your application for the Product Manager role at Microsoft. Unfortunately, we will not be progressing with your application. Thank you for your interest in our company and for applying.",noreply.greenhouse.io,REJECTED
Regarding your application at LinkedIn,"We appreciate your application for the Site Reliability Engineer role at LinkedIn. Unfortunately, your application was not selected. We appreciate your interest and wish you the best in your career journey.",noreply.workday.com,REJECTED
Zoom: Hiring decision for Full‑Stack Engineer,"Thank you for taking the time to apply to Zoom. After reviewing your application, we have chosen to move forward with other candidates. We encourage you to apply again in the future if another role aligns with your exper",workday.com,REJECTED
Update on your application — Microsoft,"We appreciate your application for the Security Engineer role at Microsoft. Unfortunately, we regret to inform you. Thank you for your interest in our company and for applying.",taleo.net,REJECTED
Palantir — Application Status (Site Reliability Engineer),"Thank you for your interest in the Site Reliability Engineer position at Palantir. After careful consideration, we have concluded our hiring process. We appreciate the time and effort you invested in your application.",smartrecruiters.com,REJECTED
Shopify Recruiting Team — Update,"After careful review of your background and experience, we have chosen to move forward with other candidates. We appreciate your interest and wish you the best in your career journey.",myworkday.com,REJECTED
Figma Recruiting Team — Update,"We value your interest in joining Figma. At this time, we have decided not to proceed. Thank you for your interest in our company and for applying.",successfactors.com,REJECTED
Meta Careers — Frontend Engineer,"After careful review of your background and experience, we regret to inform you. We appreciate your interest and wish you the best in your career journey.",icims.com,REJECTED
Airbnb Careers — Frontend Engineer,"Thank you for taking the time to apply to Airbnb. After reviewing your application, your application was not selected. We appreciate the time and effort you invested in your application.",jobs.company.com,REJECTED
Your VMware application,"Thank you for considering VMware as a potential employer. Unfortunately, unfortunately. We appreciate the time and effort you invested in your application.",smartrecruiters.com,REJECTED
Apple Recruiting Team — Update,"Thank you for your interest in the Frontend Engineer position at Apple. After careful consideration, we will not be moving forward. We appreciate your interest and wish you the best in your career journey.",greenhouse.io,REJECTED
VMware Careers — Data Scientist,"After careful review of your background and experience, we regret to inform you. We wish you success in your future job search.",successfactors.com,REJECTED
Application outcome — Tesla,"Thank you for considering Tesla as a potential employer. Unfortunately, we regret to inform you. Thank you for your interest in our company and for applying.",lever.co,REJECTED
LinkedIn: Hiring decision for Software Engineer,"Thank you for considering LinkedIn as a potential employer. Unfortunately, we have concluded our hiring process. We wish you success in your future job search.",jobs.company.com,REJECTED
Application outcome — Intuit,"We appreciate your application for the Data Analyst role at Intuit. Unfortunately, we have chosen to move forward with other candidates. We appreciate your interest and wish you the best in your career journey.",greenhouse.io,REJECTED
Regarding your application at Notion,"Thank you for your interest in the DevOps Engineer position at Notion. After careful consideration, your application was not selected. We wish you success in your future job search.",smartrecruiters.com,REJECTED
Snowflake — Application Status (Site Reliability Engineer),"Thank you for your interest in the Site Reliability Engineer position at Snowflake. After careful consideration, we have decided not to proceed. We appreciate your interest and wish you the best in your career journey.",lever.co,REJECTED
Application outcome — Palantir,"Thank you for your interest in the ML Engineer position at Palantir. After careful consideration, we will not be progressing with your application. We wish you success in your future job search.",myworkday.com,REJECTED
Regarding your application at Notion,"Thank you for your interest in the DevOps Engineer position at Notion. After careful consideration, your application was not selected. We wish you success in your future job search.",lever.co,REJECTED
Apple: Hiring decision for Frontend Engineer,Thank you for your application to the Frontend Engineer position. We regret to inform you that we will not be progressing with your application. We wish you success in your future job search.,smartrecruiters.com,REJECTED
Nvidia Recruiting Team — Update,"Thank you for taking the time to apply to Nvidia. After reviewing your application, your application was not selected. We appreciate the time and effort you invested in your application.",lever.co,REJECTED
LinkedIn Recruiting Team — Update,"We appreciate the opportunity to review your application. However, unfortunately. We encourage you to apply again in the future if another role aligns with your experience.",taleo.net,REJECTED
Application outcome — Uber,Thank you for your application to the Full‑Stack Engineer position. We regret to inform you that we will not be moving forward. We appreciate the time and effort you invested in your application.,taleo.net,REJECTED
Salesforce — Application Status (Data Analyst),"After careful review of your background and experience, we have decided not to proceed. We appreciate your interest and wish you the best in your career journey.",smartrecruiters.com,REJECTED
DoorDash — Application Status (Applied Scientist),Thank you for your application to the Applied Scientist position. We regret to inform you that we will not be progressing with your application. We encourage you to apply again in the future if another role aligns with y,myworkday.com,REJECTED
Update on your application — Nvidia,"After careful review of your background and experience, we have decided not to proceed. We encourage you to apply again in the future if another role aligns with your experience.",smartrecruiters.com,REJECTED
Your Figma application,"We appreciate your application for the Software Engineer role at Figma. Unfortunately, we have chosen to move forward with other candidates. We appreciate your interest and wish you the best in your career journey.",taleo.net,REJECTED
Shopify Recruiting Team — Update,"Thank you for your interest in the ML Engineer position at Shopify. After careful consideration, we regret to inform you. We appreciate your interest and wish you the best in your career journey.",lever.co,REJECTED
Regarding your application at Airbnb,"Thank you for considering Airbnb as a potential employer. Unfortunately, we will not be moving forward. We encourage you to apply again in the future if another role aligns with your experience.",noreply.workday.com,REJECTED
Twilio: Hiring decision for QA Engineer,"After careful review of your background and experience, your application was not selected. We appreciate the time and effort you invested in your application.",icims.com,REJECTED
Bloomberg: Hiring decision for Software Engineer,"Thank you for your interest in the Software Engineer position at Bloomberg. After careful consideration, we have concluded our hiring process. We encourage you to apply again in the future if another role aligns with you",icims.com,REJECTED
Tesla: Hiring decision for Solutions Engineer,Thank you for your application to the Solutions Engineer position. We regret to inform you that the position has been filled. We wish you success in your future job search.,workday.com,REJECTED
Atlassian: Hiring decision for Data Scientist,"Thank you for taking the time to apply to Atlassian. After reviewing your application, we will not be moving forward. Thank you for your interest in our company and for applying.",lever.co,REJECTED
Regarding your application at Nvidia,"Thank you for your interest in the Applied Scientist position at Nvidia. After careful consideration, the position has been filled. Thank you for your interest in our company and for applying.",recruiting.company.com,REJECTED
Atlassian: Hiring decision for QA Engineer,"After careful review of your background and experience, unfortunately. We appreciate your interest and wish you the best in your career journey.",taleo.net,REJECTED
Your Nvidia application,"After careful review of your background and experience, we will not be moving forward. Thank you for your interest in our company and for applying.",greenhouse.io,REJECTED
DoorDash Recruiting Team — Update,"We value your interest in joining DoorDash. At this time, unfortunately. Thank you for your interest in our company and for applying.",taleo.net,REJECTED
Amazon Recruiting Team — Update,"We appreciate your application for the Data Analyst role at Amazon. Unfortunately, we have decided not to proceed. We wish you success in your future job search.",taleo.net,REJECTED
Update on your application — Shopify,"Thank you for considering Shopify as a potential employer. Unfortunately, we regret to inform you. Thank you for your interest in our company and for applying.",workday.com,REJECTED
Coinbase Recruiting Team — Update,"We value your interest in joining Coinbase. At this time, we will not be progressing with your application. We appreciate the time and effort you invested in your application.",lever.co,REJECTED
Update on your application — Salesforce,"Thank you for considering Salesforce as a potential employer. Unfortunately, we have concluded our hiring process. We appreciate your interest and wish you the best in your career journey.",successfactors.com,REJECTED
Regarding your application at Coinbase,"After careful review of your background and experience, we will not be progressing with your application. We wish you success in your future job search.",successfactors.com,REJECTED
Amazon — Application Status (Applied Scientist),"We value your interest in joining Amazon. At this time, your application was not selected. We appreciate the time and effort you invested in your application.",recruiting.company.com,REJECTED
Regarding your application at Intuit,"We appreciate the opportunity to review your application. However, we will not be moving forward. We appreciate your interest and wish you the best in your career journey.",careers.company.com,REJECTED
Application outcome — Salesforce,Thank you for your application to the Solutions Engineer position. We regret to inform you that the position has been filled. We appreciate your interest and wish you the best in your career journey.,greenhouse.io,REJECTED
Application outcome — Tesla,"Thank you for taking the time to apply to Tesla. After reviewing your application, we will not be progressing with your application. Thank you for your interest in our company and for applying.",myworkday.com,REJECTED
Update on your application — Shopify,"We appreciate your application for the ML Engineer role at Shopify. Unfortunately, we have decided not to proceed. Thank you for your interest in our company and for applying.",myworkday.com,REJECTED
Notion Careers — Applied Scientist,"We appreciate your application for the Applied Scientist role at Notion. Unfortunately, your application was not selected. We encourage you to apply again in the future if another role aligns with your experience.",workday.com,REJECTED
Regarding your application at Bloomberg,Thank you for your application to the Data Analyst position. We regret to inform you that we will not be moving forward. We wish you success in your future job search.,myworkday.com,REJECTED
Salesforce: Hiring decision for Security Engineer,"After careful review of your background and experience, the position has been filled. We appreciate your interest and wish you the best in your career journey.",myworkday.com,REJECTED
Okta — Application Status (Data Scientist),"We appreciate your application for the Data Scientist role at Okta. Unfortunately, we have concluded our hiring process. Thank you for your interest in our company and for applying.",smartrecruiters.com,REJECTED
Regarding your application at Zoom,"After careful review of your background and experience, we have chosen to move forward with other candidates. Thank you for your interest in our company and for applying.",icims.com,REJECTED
Intuit Recruiting Team — Update,Thank you for your application to the QA Engineer position. We regret to inform you that the position has been filled. We wish you success in your future job search.,smartrecruiters.com,REJECTED
Update on your application — Microsoft,"Thank you for your interest in the Data Analyst position at Microsoft. After careful consideration, unfortunately. We appreciate your interest and wish you the best in your career journey.",noreply.workday.com,REJECTED
VMware Careers — Frontend Engineer,Thank you for your application to the Frontend Engineer position. We regret to inform you that we regret to inform you. We wish you success in your future job search.,myworkday.com,REJECTED
Application outcome — Intuit,"We value your interest in joining Intuit. At this time, the position has been filled. We wish you success in your future job search.",recruiting.company.com,REJECTED
Twilio Recruiting Team — Update,"Thank you for taking the time to apply to Twilio. After reviewing your application, we have decided not to proceed. We appreciate your interest and wish you the best in your career journey.",careers.company.com,REJECTED
Cisco — Application Status (ML Engineer),"Thank you for your interest in the ML Engineer position at Cisco. After careful consideration, we regret to inform you. Thank you for your interest in our company and for applying.",myworkday.com,REJECTED
Application outcome — Oracle,"We value your interest in joining Oracle. At this time, we have chosen to move forward with other candidates. We wish you success in your future job search.",notifications.lever.co,REJECTED
ServiceNow: Hiring decision for Full‑Stack Engineer,"We appreciate your application for the Full‑Stack Engineer role at ServiceNow. Unfortunately, we have concluded our hiring process. We appreciate the time and effort you invested in your application.",myworkday.com,REJECTED
Amazon Recruiting Team — Update,"We appreciate the opportunity to review your application. However, we will not be progressing with your application. We wish you success in your future job search.",noreply.greenhouse.io,REJECTED
Airbnb: Hiring decision for DevOps Engineer,"After careful review of your background and experience, we will not be progressing with your application. We appreciate the time and effort you invested in your application.",myworkday.com,REJECTED
Shopify — Application Status (Full‑Stack Engineer),"We appreciate your application for the Full‑Stack Engineer role at Shopify. Unfortunately, unfortunately. We encourage you to apply again in the future if another role aligns with your experience.",icims.com,REJECTED
Uber Recruiting Team — Update,"Thank you for taking the time to apply to Uber. After reviewing your application, unfortunately. Thank you for your interest in our company and for applying.",workday.com,REJECTED
DoorDash — Application Status (DevOps Engineer),"Thank you for considering DoorDash as a potential employer. Unfortunately, we have concluded our hiring process. Thank you for your interest in our company and for applying.",careers.company.com,REJECTED
Your Uber application,"Thank you for taking the time to apply to Uber. After reviewing your application, the position has been filled. We encourage you to apply again in the future if another role aligns with your experience.",lever.co,REJECTED
Tesla Careers — Site Reliability Engineer,"Thank you for considering Tesla as a potential employer. Unfortunately, we have decided not to proceed. We wish you success in your future job search.",myworkday.com,REJECTED
Regarding your application at Oracle,"Thank you for taking the time to apply to Oracle. After reviewing your application, we have chosen to move forward with other candidates. We appreciate the time and effort you invested in your application.",taleo.net,REJECTED
Databricks Careers — Backend Engineer,"Thank you for taking the time to apply to Databricks. After reviewing your application, we have decided not to proceed. We appreciate your interest and wish you the best in your career journey.",smartrecruiters.com,REJECTED
Regarding your application at Databricks,"Thank you for your interest in the Security Engineer position at Databricks. After careful consideration, we will not be moving forward. We appreciate your interest and wish you the best in your career journey.",greenhouse.io,REJECTED
Regarding your application at VMware,"Thank you for taking the time to apply to VMware. After reviewing your application, we will not be progressing with your application. Thank you for your interest in our company and for applying.",noreply.workday.com,REJECTED
VMware Recruiting Team — Update,"Thank you for taking the time to apply to VMware. After reviewing your application, the position has been filled. We encourage you to apply again in the future if another role aligns with your experience.",jobs.company.com,REJECTED
Stripe Careers — ML Engineer,"We value your interest in joining Stripe. At this time, unfortunately. We appreciate your interest and wish you the best in your career journey.",noreply.greenhouse.io,REJECTED
Regarding your application at Stripe,"We value your interest in joining Stripe. At this time, we have chosen to move forward with other candidates. Thank you for your interest in our company and for applying.",careers.company.com,REJECTED
Regarding your application at Uber,Thank you for your application to the ML Engineer position. We regret to inform you that we have concluded our hiring process. We appreciate the time and effort you invested in your application.,taleo.net,REJECTED
Meta Careers — QA Engineer,"We value your interest in joining Meta. At this time, we have chosen to move forward with other candidates. We appreciate your interest and wish you the best in your career journey.",smartrecruiters.com,REJECTED
Application outcome — Okta,"We appreciate the opportunity to review your application. However, we have concluded our hiring process. We appreciate the time and effort you invested in your application.",successfactors.com,REJECTED
Application outcome — Google,"Thank you for considering Google as a potential employer. Unfortunately, we regret to inform you. We wish you success in your future job search.",successfactors.com,REJECTED
Twilio — Application Status (Full‑Stack Engineer),"We appreciate your application for the Full‑Stack Engineer role at Twilio. Unfortunately, we regret to inform you. We encourage you to apply again in the future if another role aligns with your experience.",workday.com,REJECTED
Notion: Hiring decision for Solutions Engineer,"We appreciate your application for the Solutions Engineer role at Notion. Unfortunately, we have concluded our hiring process. We appreciate your interest and wish you the best in your career journey.",lever.co,REJECTED
Your Microsoft application,"Thank you for considering Microsoft as a potential employer. Unfortunately, we have concluded our hiring process. We appreciate your interest and wish you the best in your career journey.",successfactors.com,REJECTED
Your DoorDash application,"Thank you for your interest in the Software Engineer position at DoorDash. After careful consideration, unfortunately. We appreciate your interest and wish you the best in your career journey.",noreply.greenhouse.io,REJECTED
Regarding your application at Zoom,"Thank you for considering Zoom as a potential employer. Unfortunately, we have decided not to proceed. We encourage you to apply again in the future if another role aligns with your experience.",noreply.greenhouse.io,REJECTED
Atlassian — Application Status (ML Engineer),"Thank you for your interest in the ML Engineer position at Atlassian. After careful consideration, we regret to inform you. We encourage you to apply again in the future if another role aligns with your experience.",notifications.lever.co,REJECTED
Your Coinbase application,"We value your interest in joining Coinbase. At this time, your application was not selected. We appreciate the time and effort you invested in your application.",icims.com,REJECTED
Nvidia: Hiring decision for Applied Scientist,"After careful review of your background and experience, your application was not selected. We appreciate your interest and wish you the best in your career journey.",jobs.company.com,REJECTED
Regarding your application at DoorDash,"Thank you for considering DoorDash as a potential employer. Unfortunately, we have chosen to move forward with other candidates. We wish you success in your future job search.",taleo.net,REJECTED
LinkedIn Careers — Site Reliability Engineer,Thank you for your application to the Site Reliability Engineer position. We regret to inform you that your application was not selected. We encourage you to apply again in the future if another role aligns with your exp,noreply.workday.com,REJECTED
Airbnb — Application Status (Data Analyst),"We appreciate your application for the Data Analyst role at Airbnb. Unfortunately, we have chosen to move forward with other candidates. We appreciate your interest and wish you the best in your career journey.",myworkday.com,REJECTED
Regarding your application at Coinbase,Thank you for your application to the Applied Scientist position. We regret to inform you that we will not be moving forward. We encourage you to apply again in the future if another role aligns with your experience.,lever.co,REJECTED
DoorDash — Application Status (Full‑Stack Engineer),"Thank you for taking the time to apply to DoorDash. After reviewing your application, we have concluded our hiring process. We wish you success in your future job search.",workday.com,REJECTED
Application outcome — Okta,"After careful review of your background and experience, your application was not selected. We appreciate the time and effort you invested in your application.",smartrecruiters.com,REJECTED
Stripe Recruiting Team — Update,"Thank you for considering Stripe as a potential employer. Unfortunately, your application was not selected. We wish you success in your future job search.",successfactors.com,REJECTED
Update on your application — VMware,"After careful review of your background and experience, your application was not selected. We appreciate the time and effort you invested in your application.",smartrecruiters.com,REJECTED
Twilio Careers — Product Manager,"After careful review of your background and experience, unfortunately. We appreciate the time and effort you invested in your application.",smartrecruiters.com,REJECTED
Application outcome — Oracle,"Thank you for considering Oracle as a potential employer. Unfortunately, we have decided not to proceed. Thank you for your interest in our company and for applying.",noreply.workday.com,REJECTED
Regarding your application at Figma,"We appreciate your application for the Applied Scientist role at Figma. Unfortunately, we have decided not to proceed. We appreciate the time and effort you invested in your application.",notifications.lever.co,REJECTED
Regarding your application at Uber,"Thank you for your interest in the Backend Engineer position at Uber. After careful consideration, unfortunately. We appreciate your interest and wish you the best in your career journey.",noreply.greenhouse.io,REJECTED
ServiceNow — Application Status (Solutions Engineer),"We appreciate your application for the Solutions Engineer role at ServiceNow. Unfortunately, we regret to inform you. We encourage you to apply again in the future if another role aligns with your experience.",jobs.company.com,REJECTED
Update on your application — Shopify,"We value your interest in joining Shopify. At this time, we have chosen to move forward with other candidates. We encourage you to apply again in the future if another role aligns with your experience.",careers.company.com,REJECTED
Databricks Recruiting Team — Update,"Thank you for considering Databricks as a potential employer. Unfortunately, we have concluded our hiring process. We appreciate the time and effort you invested in your application.",icims.com,REJECTED
Regarding your application at Apple,"We value your interest in joining Apple. At this time, unfortunately. We wish you success in your future job search.",taleo.net,REJECTED
Your Meta application,"We appreciate the opportunity to review your application. However, we have chosen to move forward with other candidates. Thank you for your interest in our company and for applying.",workday.com,REJECTED
Application outcome — Databricks,"Thank you for taking the time to apply to Databricks. After reviewing your application, your application was not selected. Thank you for your interest in our company and for applying.",myworkday.com,REJECTED
Application outcome — VMware,"We appreciate your application for the ML Engineer role at VMware. Unfortunately, we have decided not to proceed. We wish you success in your future job search.",icims.com,REJECTED
Uber — Application Status (Site Reliability Engineer),"We appreciate your application for the Site Reliability Engineer role at Uber. Unfortunately, we have chosen to move forward with other candidates. We encourage you to apply again in the future if another role aligns wit",noreply.workday.com,REJECTED
Regarding your application at Salesforce,"Thank you for considering Salesforce as a potential employer. Unfortunately, the position has been filled. Thank you for your interest in our company and for applying.",lever.co,REJECTED
Databricks — Application Status (QA Engineer),Thank you for your application to the QA Engineer position. We regret to inform you that the position has been filled. We appreciate your interest and wish you the best in your career journey.,taleo.net,REJECTED
Your Salesforce application,"We appreciate the opportunity to review your application. However, the position has been filled. We appreciate the time and effort you invested in your application.",lever.co,REJECTED
Application outcome — Nvidia,"Thank you for your interest in the Full‑Stack Engineer position at Nvidia. After careful consideration, your application was not selected. We appreciate your interest and wish you the best in your career journey.",noreply.workday.com,REJECTED
Regarding your application at Atlassian,"We appreciate your application for the QA Engineer role at Atlassian. Unfortunately, your application was not selected. We appreciate the time and effort you invested in your application.",noreply.workday.com,REJECTED
Nvidia — Application Status (Data Analyst),"Thank you for considering Nvidia as a potential employer. Unfortunately, we have concluded our hiring process. Thank you for your interest in our company and for applying.",successfactors.com,REJECTED
Your VMware application,"After careful review of your background and experience, we regret to inform you. We appreciate the time and effort you invested in your application.",workday.com,REJECTED
Google — Application Status (Full‑Stack Engineer),"We value your interest in joining Google. At this time, we have chosen to move forward with other candidates. We wish you success in your future job search.",recruiting.company.com,REJECTED
LinkedIn — Application Status (Backend Engineer),Thank you for your application to the Backend Engineer position. We regret to inform you that we will not be moving forward. We appreciate the time and effort you invested in your application.,smartrecruiters.com,REJECTED
Update on your application — Palantir,Thank you for your application to the Applied Scientist position. We regret to inform you that we have chosen to move forward with other candidates. We appreciate the time and effort you invested in your application.,lever.co,REJECTED
Intuit Recruiting Team — Update,"Thank you for considering Intuit as a potential employer. Unfortunately, unfortunately. Thank you for your interest in our company and for applying.",myworkday.com,REJECTED
Oracle — Application Status (Product Manager),"We appreciate the opportunity to review your application. However, the position has been filled. We appreciate the time and effort you invested in your application.",greenhouse.io,REJECTED
Application outcome — Cisco,"We appreciate your application for the Software Engineer role at Cisco. Unfortunately, unfortunately. We appreciate your interest and wish you the best in your career journey.",greenhouse.io,REJECTED
Application outcome — Shopify,"After careful review of your background and experience, the position has been filled. Thank you for your interest in our company and for applying.",notifications.lever.co,REJECTED
Cisco: Hiring decision for Applied Scientist,"We appreciate your application for the Applied Scientist role at Cisco. Unfortunately, we regret to inform you. We encourage you to apply again in the future if another role aligns with your experience.",greenhouse.io,REJECTED
Salesforce Careers — Full‑Stack Engineer,"Thank you for your interest in the Full‑Stack Engineer position at Salesforce. After careful consideration, we will not be moving forward. We wish you success in your future job search.",jobs.company.com,REJECTED
VMware — Application Status (Solutions Engineer),"We appreciate your application for the Solutions Engineer role at VMware. Unfortunately, we have chosen to move forward with other candidates. We wish you success in your future job search.",taleo.net,REJECTED
Application outcome — Netflix,"Thank you for taking the time to apply to Netflix. After reviewing your application, your application was not selected. We encourage you to apply again in the future if another role aligns with your experience.",careers.company.com,REJECTED
Your Zoom application,"Thank you for taking the time to apply to Zoom. After reviewing your application, we will not be moving forward. We appreciate the time and effort you invested in your application.",recruiting.company.com,REJECTED
Application outcome — Stripe,"We value your interest in joining Stripe. At this time, your application was not selected. We appreciate the time and effort you invested in your application.",noreply.greenhouse.io,REJECTED
Notion — Application Status (Full‑Stack Engineer),Thank you for your application to the Full‑Stack Engineer position. We regret to inform you that we will not be moving forward. We encourage you to apply again in the future if another role aligns with your experience.,myworkday.com,REJECTED
Amazon — Application Status (Site Reliability Engineer),"Thank you for taking the time to apply to Amazon. After reviewing your application, we have decided not to proceed. We appreciate your interest and wish you the best in your career journey.",successfactors.com,REJECTED
Shopify: Hiring decision for Site Reliability Engineer,"We value your interest in joining Shopify. At this time, we will not be moving forward. We appreciate your interest and wish you the best in your career journey.",successfactors.com,REJECTED
Tesla: Hiring decision for DevOps Engineer,"After careful review of your background and experience, the position has been filled. We wish you success in your future job search.",notifications.lever.co,REJECTED
Tesla: Hiring decision for Software Engineer,"Thank you for considering Tesla as a potential employer. Unfortunately, the position has been filled. We wish you success in your future job search.",smartrecruiters.com,REJECTED
Update on your application — Stripe,"We value your interest in joining Stripe. At this time, we regret to inform you. We encourage you to apply again in the future if another role aligns with your experience.",workday.com,REJECTED
Tesla — Application Status (Frontend Engineer),"After careful review of your background and experience, the position has been filled. We appreciate your interest and wish you the best in your career journey.",successfactors.com,REJECTED
Regarding your application at Microsoft,"Thank you for your interest in the Software Engineer position at Microsoft. After careful consideration, your application was not selected. We appreciate the time and effort you invested in your application.",careers.company.com,REJECTED
Your Atlassian application,"Thank you for considering Atlassian as a potential employer. Unfortunately, your application was not selected. We appreciate the time and effort you invested in your application.",taleo.net,REJECTED
Notion: Hiring decision for QA Engineer,"We appreciate the opportunity to review your application. However, we have decided not to proceed. We encourage you to apply again in the future if another role aligns with your experience.",taleo.net,REJECTED
Regarding your application at Twilio,Thank you for your application to the Data Scientist position. We regret to inform you that unfortunately. We encourage you to apply again in the future if another role aligns with your experience.,greenhouse.io,REJECTED
Regarding your application at Meta,Thank you for your application to the Frontend Engineer position. We regret to inform you that the position has been filled. We wish you success in your future job search.,smartrecruiters.com,REJECTED
Coinbase Careers — Full‑Stack Engineer,"Thank you for taking the time to apply to Coinbase. After reviewing your application, we regret to inform you. We appreciate your interest and wish you the best in your career journey.",greenhouse.io,REJECTED
Your Cisco application,"After careful review of your background and experience, we will not be moving forward. We appreciate the time and effort you invested in your application.",lever.co,REJECTED
Your Zoom application,"We appreciate the opportunity to review your application. However, unfortunately. We appreciate the time and effort you invested in your application.",myworkday.com,REJECTED
Bloomberg Recruiting Team — Update,"Thank you for considering Bloomberg as a potential employer. Unfortunately, we will not be progressing with your application. We encourage you to apply again in the future if another role aligns with your experience.",successfactors.com,REJECTED
Netflix: Hiring decision for ML Engineer,Thank you for your application to the ML Engineer position. We regret to inform you that the position has been filled. We wish you success in your future job search.,notifications.lever.co,REJECTED
Application outcome — Atlassian,"We value your interest in joining Atlassian. At this time, we have concluded our hiring process. We wish you success in your future job search.",smartrecruiters.com,REJECTED
Regarding your application at Coinbase,"Thank you for your interest in the Data Analyst position at Coinbase. After careful consideration, we will not be progressing with your application. We appreciate your interest and wish you the best in your career journe",recruiting.company.com,REJECTED
Oracle Careers — Data Scientist,"We appreciate your application for the Data Scientist role at Oracle. Unfortunately, we will not be moving forward. We appreciate your interest and wish you the best in your career journey.",greenhouse.io,REJECTED
DoorDash — Application Status (Software Engineer),"After careful review of your background and experience, we regret to inform you. We encourage you to apply again in the future if another role aligns with your experience.",lever.co,REJECTED
Update on your application — Stripe,Thank you for your application to the Data Scientist position. We regret to inform you that unfortunately. We wish you success in your future job search.,successfactors.com,REJECTED
Databricks: Hiring decision for ML Engineer,"We appreciate the opportunity to review your application. However, we will not be moving forward. We appreciate the time and effort you invested in your application.",recruiting.company.com,REJECTED
Stripe: Hiring decision for Site Reliability Engineer,"We value your interest in joining Stripe. At this time, we regret to inform you. We encourage you to apply again in the future if another role aligns with your experience.",icims.com,REJECTED
Regarding your application at Atlassian,"We appreciate the opportunity to review your application. However, the position has been filled. We encourage you to apply again in the future if another role aligns with your experience.",notifications.lever.co,REJECTED
Update on your application — Snowflake,"We appreciate your application for the Security Engineer role at Snowflake. Unfortunately, your application was not selected. Thank you for your interest in our company and for applying.",icims.com,REJECTED
Netflix — Application Status (Site Reliability Engineer),"We appreciate the opportunity to review your application. However, we have decided not to proceed. We appreciate the time and effort you invested in your application.",successfactors.com,REJECTED
Your Stripe application,"After careful review of your background and experience, we will not be moving forward. We appreciate the time and effort you invested in your application.",workday.com,REJECTED
Bloomberg Recruiting Team — Update,"After careful review of your background and experience, we will not be moving forward. We appreciate your interest and wish you the best in your career journey.",notifications.lever.co,REJECTED
Application outcome — Atlassian,"We value your interest in joining Atlassian. At this time, we have decided not to proceed. Thank you for your interest in our company and for applying.",lever.co,REJECTED
Your Bloomberg application,"Thank you for your interest in the Data Scientist position at Bloomberg. After careful consideration, we have chosen to move forward with other candidates. Thank you for your interest in our company and for applying.",smartrecruiters.com,REJECTED
Regarding your application at Snowflake,"We appreciate the opportunity to review your application. However, we regret to inform you. We appreciate your interest and wish you the best in your career journey.",taleo.net,REJECTED
ServiceNow — Application Status (Security Engineer),"Thank you for considering ServiceNow as a potential employer. Unfortunately, we regret to inform you. Thank you for your interest in our company and for applying.",smartrecruiters.com,REJECTED
Nvidia Recruiting Team — Update,"We value your interest in joining Nvidia. At this time, your application was not selected. Thank you for your interest in our company and for applying.",recruiting.company.com,REJECTED
Intuit — Application Status (Site Reliability Engineer),"Thank you for taking the time to apply to Intuit. After reviewing your application, we will not be moving forward. We appreciate the time and effort you invested in your application.",successfactors.com,REJECTED
Regarding your application at Cisco,"We appreciate your application for the DevOps Engineer role at Cisco. Unfortunately, we will not be progressing with your application. We encourage you to apply again in the future if another role aligns with your experi",jobs.company.com,REJECTED
Figma Recruiting Team — Update,"Thank you for your interest in the ML Engineer position at Figma. After careful consideration, we have concluded our hiring process. We appreciate the time and effort you invested in your application.",lever.co,REJECTED
Bloomberg Careers — Data Analyst,"Thank you for taking the time to apply to Bloomberg. After reviewing your application, we will not be moving forward. We appreciate the time and effort you invested in your application.",workday.com,REJECTED
Your Amazon application,"Thank you for your interest in the Data Analyst position at Amazon. After careful consideration, unfortunately. We encourage you to apply again in the future if another role aligns with your experience.",noreply.greenhouse.io,REJECTED
Update on your application — Microsoft,"We appreciate the opportunity to review your application. However, we have concluded our hiring process. We appreciate the time and effort you invested in your application.",recruiting.company.com,REJECTED
Application outcome — Nvidia,"After careful review of your background and experience, we will not be moving forward. We appreciate your interest and wish you the best in your career journey.",icims.com,REJECTED
Your Amazon application,"Thank you for taking the time to apply to Amazon. After reviewing your application, your application was not selected. We encourage you to apply again in the future if another role aligns with your experience.",jobs.company.com,REJECTED
Zoom: Hiring decision for Frontend Engineer,"We appreciate your application for the Frontend Engineer role at Zoom. Unfortunately, we regret to inform you. We appreciate your interest and wish you the best in your career journey.",icims.com,REJECTED
Application outcome — Atlassian,"We appreciate your application for the ML Engineer role at Atlassian. Unfortunately, we have decided not to proceed. Thank you for your interest in our company and for applying.",recruiting.company.com,REJECTED
Update on your application — DoorDash,"After careful review of your background and experience, the position has been filled. We wish you success in your future job search.",noreply.greenhouse.io,REJECTED
Intuit: Hiring decision for Data Scientist,"We value your interest in joining Intuit. At this time, we have concluded our hiring process. We appreciate the time and effort you invested in your application.",recruiting.company.com,REJECTED
Regarding your application at Oracle,Thank you for your application to the ML Engineer position. We regret to inform you that we will not be progressing with your application. We encourage you to apply again in the future if another role aligns with your ex,workday.com,REJECTED
Your Apple application,"We appreciate the opportunity to review your application. However, we have concluded our hiring process. We wish you success in your future job search.",workday.com,REJECTED
Your Notion application,"Thank you for considering Notion as a potential employer. Unfortunately, we have chosen to move forward with other candidates. We appreciate the time and effort you invested in your application.",smartrecruiters.com,REJECTED
LinkedIn Recruiting Team — Update,"We appreciate the opportunity to review your application. However, we will not be progressing with your application. Thank you for your interest in our company and for applying.",myworkday.com,REJECTED
Adobe Recruiting Team — Update,Thank you for your application to the DevOps Engineer position. We regret to inform you that we regret to inform you. We wish you success in your future job search.,noreply.workday.com,REJECTED
Update on your application — Salesforce,"Thank you for taking the time to apply to Salesforce. After reviewing your application, unfortunately. We appreciate your interest and wish you the best in your career journey.",taleo.net,REJECTED
Regarding your application at Palantir,"We appreciate the opportunity to review your application. However, we will not be moving forward. Thank you for your interest in our company and for applying.",noreply.greenhouse.io,REJECTED
Your Stripe application,"Thank you for considering Stripe as a potential employer. Unfortunately, the position has been filled. We wish you success in your future job search.",jobs.company.com,REJECTED
Update on your application — Intuit,Thank you for your application to the Backend Engineer position. We regret to inform you that we will not be progressing with your application. We appreciate the time and effort you invested in your application.,workday.com,REJECTED
Your VMware application,Thank you for your application to the Full‑Stack Engineer position. We regret to inform you that we regret to inform you. We encourage you to apply again in the future if another role aligns with your experience.,notifications.lever.co,REJECTED
Regarding your application at Atlassian,Thank you for your application to the QA Engineer position. We regret to inform you that we regret to inform you. Thank you for your interest in our company and for applying.,careers.company.com,REJECTED
Intuit: Hiring decision for Solutions Engineer,Thank you for your application to the Solutions Engineer position. We regret to inform you that we have concluded our hiring process. We appreciate your interest and wish you the best in your career journey.,recruiting.company.com,REJECTED
Regarding your application at Intuit,"Thank you for your interest in the Security Engineer position at Intuit. After careful consideration, we will not be progressing with your application. We encourage you to apply again in the future if another role aligns",noreply.workday.com,REJECTED
Stripe: Hiring decision for DevOps Engineer,"Thank you for considering Stripe as a potential employer. Unfortunately, we will not be moving forward. We encourage you to apply again in the future if another role aligns with your experience.",workday.com,REJECTED
Your Notion application,"We value your interest in joining Notion. At this time, we have concluded our hiring process. We appreciate the time and effort you invested in your application.",jobs.company.com,REJECTED
Update on your application — Coinbase,"We value your interest in joining Coinbase. At this time, we will not be moving forward. We wish you success in your future job search.",jobs.company.com,REJECTED
Application outcome — Uber,Thank you for your application to the DevOps Engineer position. We regret to inform you that we have concluded our hiring process. Thank you for your interest in our company and for applying.,noreply.workday.com,REJECTED
Zoom: Hiring decision for DevOps Engineer,"We appreciate your application for the DevOps Engineer role at Zoom. Unfortunately, we regret to inform you. Thank you for your interest in our company and for applying.",smartrecruiters.com,REJECTED
Tesla Careers — ML Engineer,"Thank you for considering Tesla as a potential employer. Unfortunately, we will not be progressing with your application. We appreciate the time and effort you invested in your application.",jobs.company.com,REJECTED
Bloomberg Recruiting Team — Update,"We appreciate your application for the Applied Scientist role at Bloomberg. Unfortunately, we have concluded our hiring process. We appreciate your interest and wish you the best in your career journey.",noreply.greenhouse.io,REJECTED
Regarding your application at Adobe,"Thank you for considering Adobe as a potential employer. Unfortunately, we have concluded our hiring process. Thank you for your interest in our company and for applying.",notifications.lever.co,REJECTED
Update on your application — Nvidia,"We value your interest in joining Nvidia. At this time, we regret to inform you. We wish you success in your future job search.",smartrecruiters.com,REJECTED
Nvidia Recruiting Team — Update,"We value your interest in joining Nvidia. At this time, unfortunately. We wish you success in your future job search.",lever.co,REJECTED
Amazon: Hiring decision for Backend Engineer,"Thank you for your interest in the Backend Engineer position at Amazon. After careful consideration, your application was not selected. We wish you success in your future job search.",successfactors.com,REJECTED
Regarding your application at Atlassian,Thank you for your application to the ML Engineer position. We regret to inform you that your application was not selected. We appreciate the time and effort you invested in your application.,greenhouse.io,REJECTED
Application outcome — Figma,"We appreciate the opportunity to review your application. However, the position has been filled. Thank you for your interest in our company and for applying.",noreply.workday.com,REJECTED
Zoom Careers — DevOps Engineer,"Thank you for your interest in the DevOps Engineer position at Zoom. After careful consideration, the position has been filled. We appreciate the time and effort you invested in your application.",notifications.lever.co,REJECTED
Meta: Hiring decision for Software Engineer,"We appreciate your application for the Software Engineer role at Meta. Unfortunately, unfortunately. We wish you success in your future job search.",greenhouse.io,REJECTED
Twilio — Application Status (Data Scientist),"We appreciate your application for the Data Scientist role at Twilio. Unfortunately, your application was not selected. We appreciate your interest and wish you the best in your career journey.",jobs.company.com,REJECTED
Update on your application — VMware,Thank you for your application to the Security Engineer position. We regret to inform you that we have concluded our hiring process. Thank you for your interest in our company and for applying.,noreply.greenhouse.io,REJECTED
ServiceNow Careers — Software Engineer,"We appreciate the opportunity to review your application. However, your application was not selected. We appreciate the time and effort you invested in your application.",jobs.company.com,REJECTED